"Step","rstarcoder_sweep_routed_mlp_scaling_2 - eval/router/index_hist"
"0","{""_type"":""histogram"",""values"":[0,0,0,0,271,310,111,348,30,509,49,299,64,7,10,96,106,205,443,42,39,1193,104,30,2223,63,263,9,996,562,353,187,38,1529,154,633],""bins"":[0,1,2,3,4,5,6,7,8,9,10,11,12,13,14,15,16,17,18,19,20,21,22,23,24,25,26,27,28,29,30,31,32,33,34,35,36]}"
"10","{""_type"":""histogram"",""values"":[0,0,0,0,395,782,47,1216,18,127,37,133,256,4,8,394,129,166,359,29,12,890,725,17,2637,29,48,2,241,302,452,95,4,897,131,694],""bins"":[0,1,2,3,4,5,6,7,8,9,10,11,12,13,14,15,16,17,18,19,20,21,22,23,24,25,26,27,28,29,30,31,32,33,34,35,36]}"
"20","{""_type"":""histogram"",""values"":[0,0,0,0,712,464,149,648,15,54,35,77,121,8,7,366,33,403,312,22,37,959,758,22,2757,16,26,4,119,660,962,140,32,655,29,674],""bins"":[0,1,2,3,4,5,6,7,8,9,10,11,12,13,14,15,16,17,18,19,20,21,22,23,24,25,26,27,28,29,30,31,32,33,34,35,36]}"
"30","{""_type"":""histogram"",""values"":[0,0,0,0,1406,127,996,39,10,4,11,146,28,10,8,274,6,274,80,25,19,809,419,31,2816,8,2,20,55,775,1672,111,69,135,10,867],""bins"":[0,1,2,3,4,5,6,7,8,9,10,11,12,13,14,15,16,17,18,19,20,21,22,23,24,25,26,27,28,29,30,31,32,33,34,35,36]}"
"40","{""_type"":""histogram"",""values"":[0,0,0,0,967,67,1080,24,9,1,5,160,10,7,6,128,3,188,60,32,7,688,71,28,2813,3,1,6,17,633,1453,89,50,26,5,697],""bins"":[0,1,2,3,4,5,6,7,8,9,10,11,12,13,14,15,16,17,18,19,20,21,22,23,24,25,26,27,28,29,30,31,32,33,34,35,36]}"
"50","{""_type"":""histogram"",""values"":[0,0,0,0,629,38,599,21,8,1,5,84,9,7,5,39,5,75,30,40,9,265,37,29,2812,2,1,4,10,328,826,56,30,13,2,432],""bins"":[0,1,2,3,4,5,6,7,8,9,10,11,12,13,14,15,16,17,18,19,20,21,22,23,24,25,26,27,28,29,30,31,32,33,34,35,36]}"
"60","{""_type"":""histogram"",""values"":[0,0,0,0,644,20,420,24,9,0,4,43,9,6,6,31,3,50,20,26,10,151,24,31,2811,1,1,3,9,246,632,41,22,12,1,336],""bins"":[0,1,2,3,4,5,6,7,8,9,10,11,12,13,14,15,16,17,18,19,20,21,22,23,24,25,26,27,28,29,30,31,32,33,34,35,36]}"
"70","{""_type"":""histogram"",""values"":[0,0,0,0,580,17,319,27,8,0,3,39,9,3,8,29,5,51,20,27,12,127,19,24,2811,1,0,2,8,216,529,37,22,13,1,266],""bins"":[0,1,2,3,4,5,6,7,8,9,10,11,12,13,14,15,16,17,18,19,20,21,22,23,24,25,26,27,28,29,30,31,32,33,34,35,36]}"
"80","{""_type"":""histogram"",""values"":[0,0,0,0,541,16,289,26,10,0,4,28,7,2,13,27,4,49,13,29,8,123,18,23,2811,1,0,3,8,193,518,30,23,13,1,241],""bins"":[0,1,2,3,4,5,6,7,8,9,10,11,12,13,14,15,16,17,18,19,20,21,22,23,24,25,26,27,28,29,30,31,32,33,34,35,36]}"
"90","{""values"":[0,0,0,0,441,10,184,28,8,0,4,16,6,3,10,26,5,19,1,26,9,47,21,17,2811,1,0,3,2,94,288,26,15,5,1,153],""_type"":""histogram"",""bins"":[0,1,2,3,4,5,6,7,8,9,10,11,12,13,14,15,16,17,18,19,20,21,22,23,24,25,26,27,28,29,30,31,32,33,34,35,36]}"
"100","{""_type"":""histogram"",""values"":[0,0,0,0,335,6,130,26,9,0,1,14,6,3,9,23,5,17,1,20,8,34,19,14,2812,1,0,3,1,69,173,21,14,1,1,115],""bins"":[0,1,2,3,4,5,6,7,8,9,10,11,12,13,14,15,16,17,18,19,20,21,22,23,24,25,26,27,28,29,30,31,32,33,34,35,36]}"
"110","{""_type"":""histogram"",""values"":[0,0,0,0,314,4,110,27,8,0,1,14,6,2,8,21,3,19,1,19,7,29,17,9,2812,0,0,2,0,77,158,18,15,1,1,107],""bins"":[0,1,2,3,4,5,6,7,8,9,10,11,12,13,14,15,16,17,18,19,20,21,22,23,24,25,26,27,28,29,30,31,32,33,34,35,36]}"
"120","{""_type"":""histogram"",""values"":[0,0,0,0,338,8,152,30,7,0,1,14,6,2,11,26,5,25,1,21,7,60,20,10,2812,1,0,2,1,153,201,25,15,3,1,150],""bins"":[0,1,2,3,4,5,6,7,8,9,10,11,12,13,14,15,16,17,18,19,20,21,22,23,24,25,26,27,28,29,30,31,32,33,34,35,36]}"
"130","{""_type"":""histogram"",""values"":[0,0,0,0,371,9,171,30,8,0,3,17,8,3,11,27,5,25,1,24,9,54,23,12,2812,1,0,2,1,182,231,26,13,5,1,166],""bins"":[0,1,2,3,4,5,6,7,8,9,10,11,12,13,14,15,16,17,18,19,20,21,22,23,24,25,26,27,28,29,30,31,32,33,34,35,36]}"
"140","{""values"":[0,0,0,0,509,13,199,31,7,0,6,20,7,2,14,36,5,27,0,24,9,67,27,12,2812,1,0,3,1,232,280,28,18,5,1,203],""_type"":""histogram"",""bins"":[0,1,2,3,4,5,6,7,8,9,10,11,12,13,14,15,16,17,18,19,20,21,22,23,24,25,26,27,28,29,30,31,32,33,34,35,36]}"
"150","{""_type"":""histogram"",""values"":[0,0,0,0,815,16,298,34,6,0,13,24,9,3,14,48,5,34,1,27,10,113,31,13,2811,0,0,5,5,307,387,29,20,10,1,265],""bins"":[0,1,2,3,4,5,6,7,8,9,10,11,12,13,14,15,16,17,18,19,20,21,22,23,24,25,26,27,28,29,30,31,32,33,34,35,36]}"
"160","{""values"":[0,0,0,0,2294,19,467,33,11,1,48,22,8,3,19,108,5,46,1,35,10,199,72,21,2810,1,0,14,4,241,661,36,18,27,2,332],""_type"":""histogram"",""bins"":[0,1,2,3,4,5,6,7,8,9,10,11,12,13,14,15,16,17,18,19,20,21,22,23,24,25,26,27,28,29,30,31,32,33,34,35,36]}"
"170","{""_type"":""histogram"",""values"":[0,0,0,0,1471,15,329,23,13,4,54,22,11,4,21,81,8,35,0,35,10,95,60,21,2810,4,1,3,4,137,451,34,11,37,3,259],""bins"":[0,1,2,3,4,5,6,7,8,9,10,11,12,13,14,15,16,17,18,19,20,21,22,23,24,25,26,27,28,29,30,31,32,33,34,35,36]}"
"180","{""_type"":""histogram"",""values"":[0,0,0,0,242,5,92,15,9,2,8,14,7,3,7,25,5,9,0,21,9,18,23,11,2810,2,0,1,0,22,101,15,3,12,2,84],""bins"":[0,1,2,3,4,5,6,7,8,9,10,11,12,13,14,15,16,17,18,19,20,21,22,23,24,25,26,27,28,29,30,31,32,33,34,35,36]}"
"190","{""_type"":""histogram"",""values"":[0,0,0,0,103,2,60,8,9,1,4,10,4,7,5,16,4,6,0,15,10,13,18,9,2810,2,0,1,0,11,57,7,4,4,2,42],""bins"":[0,1,2,3,4,5,6,7,8,9,10,11,12,13,14,15,16,17,18,19,20,21,22,23,24,25,26,27,28,29,30,31,32,33,34,35,36]}"
"200","{""values"":[0,0,0,0,72,2,47,4,5,1,3,9,3,7,5,12,5,4,0,15,9,9,17,8,2810,2,0,2,0,11,39,6,5,2,2,29],""_type"":""histogram"",""bins"":[0,1,2,3,4,5,6,7,8,9,10,11,12,13,14,15,16,17,18,19,20,21,22,23,24,25,26,27,28,29,30,31,32,33,34,35,36]}"
"210","{""_type"":""histogram"",""values"":[0,0,0,0,65,1,47,4,5,1,2,9,3,6,6,10,4,2,0,14,8,10,17,9,2810,2,0,2,0,11,38,7,5,2,2,29],""bins"":[0,1,2,3,4,5,6,7,8,9,10,11,12,13,14,15,16,17,18,19,20,21,22,23,24,25,26,27,28,29,30,31,32,33,34,35,36]}"
"220","{""values"":[0,0,0,0,65,1,47,6,7,1,1,9,3,7,6,12,4,3,0,16,8,11,17,7,2810,2,1,2,0,11,38,7,5,1,1,27],""_type"":""histogram"",""bins"":[0,1,2,3,4,5,6,7,8,9,10,11,12,13,14,15,16,17,18,19,20,21,22,23,24,25,26,27,28,29,30,31,32,33,34,35,36]}"
"230","{""_type"":""histogram"",""values"":[0,0,0,0,63,2,48,7,9,1,1,9,3,9,6,14,3,2,0,16,6,11,16,8,2810,2,0,2,1,9,35,9,5,2,1,29],""bins"":[0,1,2,3,4,5,6,7,8,9,10,11,12,13,14,15,16,17,18,19,20,21,22,23,24,25,26,27,28,29,30,31,32,33,34,35,36]}"
"240","{""values"":[0,0,0,0,60,2,50,6,7,1,2,9,3,10,8,15,5,3,0,15,6,10,17,8,2810,2,0,2,0,11,36,9,6,2,1,24],""_type"":""histogram"",""bins"":[0,1,2,3,4,5,6,7,8,9,10,11,12,13,14,15,16,17,18,19,20,21,22,23,24,25,26,27,28,29,30,31,32,33,34,35,36]}"
"250","{""values"":[0,0,0,0,60,2,50,6,7,2,1,10,3,8,8,14,5,3,0,13,7,11,17,10,2810,2,1,2,1,11,38,9,5,1,1,25],""_type"":""histogram"",""bins"":[0,1,2,3,4,5,6,7,8,9,10,11,12,13,14,15,16,17,18,19,20,21,22,23,24,25,26,27,28,29,30,31,32,33,34,35,36]}"
"260","{""_type"":""histogram"",""values"":[0,0,0,0,69,1,52,9,9,2,1,10,3,8,8,16,6,3,0,13,8,12,18,9,2810,3,0,3,1,11,40,8,5,3,2,30],""bins"":[0,1,2,3,4,5,6,7,8,9,10,11,12,13,14,15,16,17,18,19,20,21,22,23,24,25,26,27,28,29,30,31,32,33,34,35,36]}"
"270","{""_type"":""histogram"",""values"":[0,0,0,0,68,1,56,7,6,2,2,10,4,7,9,17,7,5,0,13,6,11,20,7,2810,2,1,3,1,14,46,8,4,2,2,34],""bins"":[0,1,2,3,4,5,6,7,8,9,10,11,12,13,14,15,16,17,18,19,20,21,22,23,24,25,26,27,28,29,30,31,32,33,34,35,36]}"
"280","{""_type"":""histogram"",""values"":[0,0,0,0,45,1,52,8,7,2,1,11,3,9,9,16,8,5,0,13,5,16,19,8,2810,2,1,6,2,14,42,10,4,2,2,31],""bins"":[0,1,2,3,4,5,6,7,8,9,10,11,12,13,14,15,16,17,18,19,20,21,22,23,24,25,26,27,28,29,30,31,32,33,34,35,36]}"
"290","{""values"":[0,0,0,0,74,4,77,10,6,3,9,15,4,8,7,24,10,9,0,17,5,29,23,13,2810,3,1,12,1,24,72,8,5,12,3,67],""_type"":""histogram"",""bins"":[0,1,2,3,4,5,6,7,8,9,10,11,12,13,14,15,16,17,18,19,20,21,22,23,24,25,26,27,28,29,30,31,32,33,34,35,36]}"
"300","{""_type"":""histogram"",""values"":[0,0,0,0,92,5,89,12,7,7,12,17,5,8,7,23,9,11,0,21,4,27,21,13,2810,3,1,20,2,30,91,9,5,21,4,79],""bins"":[0,1,2,3,4,5,6,7,8,9,10,11,12,13,14,15,16,17,18,19,20,21,22,23,24,25,26,27,28,29,30,31,32,33,34,35,36]}"
"310","{""_type"":""histogram"",""values"":[0,0,0,0,61,4,78,9,7,6,6,15,4,8,7,20,7,9,0,18,4,25,21,12,2810,3,1,23,1,27,74,11,5,15,2,59],""bins"":[0,1,2,3,4,5,6,7,8,9,10,11,12,13,14,15,16,17,18,19,20,21,22,23,24,25,26,27,28,29,30,31,32,33,34,35,36]}"
"320","{""_type"":""histogram"",""values"":[0,0,0,0,29,1,66,8,5,2,3,11,3,8,10,18,8,9,0,14,6,21,20,12,2810,2,1,36,1,19,48,8,4,9,2,42],""bins"":[0,1,2,3,4,5,6,7,8,9,10,11,12,13,14,15,16,17,18,19,20,21,22,23,24,25,26,27,28,29,30,31,32,33,34,35,36]}"
"330","{""_type"":""histogram"",""values"":[0,0,0,0,11,1,44,4,6,1,1,8,3,4,6,13,5,5,0,11,4,21,17,7,2810,2,1,37,0,15,32,5,5,6,2,31],""bins"":[0,1,2,3,4,5,6,7,8,9,10,11,12,13,14,15,16,17,18,19,20,21,22,23,24,25,26,27,28,29,30,31,32,33,34,35,36]}"
"340","{""_type"":""histogram"",""values"":[0,0,0,0,10,1,37,4,6,1,2,8,3,3,7,9,5,3,0,9,2,14,16,3,2810,1,1,36,0,11,22,6,5,0,2,19],""bins"":[0,1,2,3,4,5,6,7,8,9,10,11,12,13,14,15,16,17,18,19,20,21,22,23,24,25,26,27,28,29,30,31,32,33,34,35,36]}"
"350","{""_type"":""histogram"",""values"":[0,0,0,0,10,1,37,3,4,1,2,8,2,3,8,7,5,2,0,7,1,14,11,1,2810,1,1,34,0,9,18,5,5,0,1,15],""bins"":[0,1,2,3,4,5,6,7,8,9,10,11,12,13,14,15,16,17,18,19,20,21,22,23,24,25,26,27,28,29,30,31,32,33,34,35,36]}"
"360","{""_type"":""histogram"",""values"":[0,0,0,0,10,1,36,5,2,1,2,9,2,3,8,9,5,2,0,8,4,19,14,2,2810,1,1,34,0,9,21,7,5,0,1,18],""bins"":[0,1,2,3,4,5,6,7,8,9,10,11,12,13,14,15,16,17,18,19,20,21,22,23,24,25,26,27,28,29,30,31,32,33,34,35,36]}"
"370","{""_type"":""histogram"",""values"":[0,0,0,0,10,1,39,11,3,1,2,10,3,2,6,8,5,5,0,10,4,20,14,3,2810,1,1,33,0,10,20,5,5,1,1,20],""bins"":[0,1,2,3,4,5,6,7,8,9,10,11,12,13,14,15,16,17,18,19,20,21,22,23,24,25,26,27,28,29,30,31,32,33,34,35,36]}"
"380","{""_type"":""histogram"",""values"":[0,0,0,0,10,3,37,15,4,1,2,10,3,2,7,10,5,6,0,10,2,19,14,5,2810,1,1,33,0,12,21,6,5,1,1,24],""bins"":[0,1,2,3,4,5,6,7,8,9,10,11,12,13,14,15,16,17,18,19,20,21,22,23,24,25,26,27,28,29,30,31,32,33,34,35,36]}"
"390","{""values"":[0,0,0,0,10,2,42,18,3,1,1,9,3,2,7,10,5,4,0,8,3,21,14,7,2810,1,1,33,0,12,21,6,5,1,1,28],""_type"":""histogram"",""bins"":[0,1,2,3,4,5,6,7,8,9,10,11,12,13,14,15,16,17,18,19,20,21,22,23,24,25,26,27,28,29,30,31,32,33,34,35,36]}"
"400","{""_type"":""histogram"",""values"":[0,0,0,0,10,3,55,22,2,1,2,10,3,2,8,18,6,7,0,12,7,25,15,7,2810,2,2,38,0,16,32,9,4,4,1,31],""bins"":[0,1,2,3,4,5,6,7,8,9,10,11,12,13,14,15,16,17,18,19,20,21,22,23,24,25,26,27,28,29,30,31,32,33,34,35,36]}"
"410","{""_type"":""histogram"",""values"":[0,0,0,0,19,5,83,24,4,1,5,12,4,3,11,36,6,10,0,14,9,29,19,16,2810,2,2,41,0,31,47,9,4,10,1,50],""bins"":[0,1,2,3,4,5,6,7,8,9,10,11,12,13,14,15,16,17,18,19,20,21,22,23,24,25,26,27,28,29,30,31,32,33,34,35,36]}"
"420","{""_type"":""histogram"",""values"":[0,0,0,0,31,5,87,28,10,0,8,13,5,3,10,28,4,9,0,14,11,38,26,19,2810,2,2,63,0,31,61,9,4,16,1,62],""bins"":[0,1,2,3,4,5,6,7,8,9,10,11,12,13,14,15,16,17,18,19,20,21,22,23,24,25,26,27,28,29,30,31,32,33,34,35,36]}"
"430","{""_type"":""histogram"",""values"":[0,0,0,0,42,5,99,31,11,0,14,14,5,2,8,28,5,11,0,15,11,47,28,21,2810,2,2,95,1,40,81,10,4,17,1,80],""bins"":[0,1,2,3,4,5,6,7,8,9,10,11,12,13,14,15,16,17,18,19,20,21,22,23,24,25,26,27,28,29,30,31,32,33,34,35,36]}"
"440","{""_type"":""histogram"",""values"":[0,0,0,0,43,8,143,35,13,0,22,17,5,3,9,35,5,15,1,20,10,85,34,27,2810,3,2,294,0,67,110,18,5,25,1,128],""bins"":[0,1,2,3,4,5,6,7,8,9,10,11,12,13,14,15,16,17,18,19,20,21,22,23,24,25,26,27,28,29,30,31,32,33,34,35,36]}"
"450","{""_type"":""histogram"",""values"":[0,0,0,0,48,11,167,27,14,1,21,15,5,7,9,38,3,14,1,22,10,121,39,22,2810,3,2,610,1,92,138,25,7,35,2,160],""bins"":[0,1,2,3,4,5,6,7,8,9,10,11,12,13,14,15,16,17,18,19,20,21,22,23,24,25,26,27,28,29,30,31,32,33,34,35,36]}"
"460","{""_type"":""histogram"",""values"":[0,0,0,0,48,13,213,29,18,1,28,21,5,8,7,43,3,18,1,24,11,193,45,26,2809,4,2,1124,2,127,210,28,4,30,3,214],""bins"":[0,1,2,3,4,5,6,7,8,9,10,11,12,13,14,15,16,17,18,19,20,21,22,23,24,25,26,27,28,29,30,31,32,33,34,35,36]}"
"470","{""_type"":""histogram"",""values"":[0,0,0,0,45,13,175,25,17,1,19,18,5,10,8,35,3,15,2,24,9,133,42,23,2809,4,2,682,1,103,165,25,5,23,2,170],""bins"":[0,1,2,3,4,5,6,7,8,9,10,11,12,13,14,15,16,17,18,19,20,21,22,23,24,25,26,27,28,29,30,31,32,33,34,35,36]}"
"480","{""_type"":""histogram"",""values"":[0,0,0,0,29,10,132,20,17,0,14,16,5,8,8,32,3,14,1,23,9,71,38,21,2810,3,2,540,0,73,122,20,7,20,2,138],""bins"":[0,1,2,3,4,5,6,7,8,9,10,11,12,13,14,15,16,17,18,19,20,21,22,23,24,25,26,27,28,29,30,31,32,33,34,35,36]}"
"490","{""_type"":""histogram"",""values"":[0,0,0,0,15,5,104,20,18,1,10,13,4,7,7,27,3,12,1,26,9,39,33,16,2810,2,2,467,0,49,72,12,4,14,2,96],""bins"":[0,1,2,3,4,5,6,7,8,9,10,11,12,13,14,15,16,17,18,19,20,21,22,23,24,25,26,27,28,29,30,31,32,33,34,35,36]}"
"500","{""_type"":""histogram"",""values"":[0,0,0,0,12,6,77,15,15,0,3,12,4,7,4,21,3,10,1,26,9,22,29,9,2810,2,2,279,0,36,37,8,5,11,1,65],""bins"":[0,1,2,3,4,5,6,7,8,9,10,11,12,13,14,15,16,17,18,19,20,21,22,23,24,25,26,27,28,29,30,31,32,33,34,35,36]}"
"510","{""_type"":""histogram"",""values"":[0,0,0,0,12,7,71,15,13,0,3,12,4,7,6,19,3,8,1,27,9,18,28,8,2810,1,2,215,0,24,33,6,4,9,1,56],""bins"":[0,1,2,3,4,5,6,7,8,9,10,11,12,13,14,15,16,17,18,19,20,21,22,23,24,25,26,27,28,29,30,31,32,33,34,35,36]}"
"520","{""_type"":""histogram"",""values"":[0,0,0,0,10,7,68,15,17,1,3,11,4,6,5,19,3,9,1,25,9,17,32,8,2810,1,2,194,0,26,35,6,4,8,1,57],""bins"":[0,1,2,3,4,5,6,7,8,9,10,11,12,13,14,15,16,17,18,19,20,21,22,23,24,25,26,27,28,29,30,31,32,33,34,35,36]}"
"530","{""_type"":""histogram"",""values"":[0,0,0,0,10,6,67,13,17,1,3,13,3,7,4,23,3,11,1,24,8,12,32,8,2810,2,2,164,0,29,34,6,4,6,1,51],""bins"":[0,1,2,3,4,5,6,7,8,9,10,11,12,13,14,15,16,17,18,19,20,21,22,23,24,25,26,27,28,29,30,31,32,33,34,35,36]}"
"540","{""values"":[0,0,0,0,11,5,58,11,15,0,1,11,2,7,3,19,3,10,1,22,7,13,31,10,2810,0,2,98,0,23,27,6,4,6,1,43],""_type"":""histogram"",""bins"":[0,1,2,3,4,5,6,7,8,9,10,11,12,13,14,15,16,17,18,19,20,21,22,23,24,25,26,27,28,29,30,31,32,33,34,35,36]}"
"550","{""_type"":""histogram"",""values"":[0,0,0,0,11,5,51,10,14,0,1,10,2,5,3,19,3,7,1,25,8,11,27,8,2810,0,1,69,0,20,24,7,4,3,1,37],""bins"":[0,1,2,3,4,5,6,7,8,9,10,11,12,13,14,15,16,17,18,19,20,21,22,23,24,25,26,27,28,29,30,31,32,33,34,35,36]}"
"560","{""_type"":""histogram"",""values"":[0,0,0,0,11,5,51,9,14,0,1,11,2,4,3,18,3,7,1,25,8,9,25,9,2810,0,1,63,0,20,26,8,3,3,1,34],""bins"":[0,1,2,3,4,5,6,7,8,9,10,11,12,13,14,15,16,17,18,19,20,21,22,23,24,25,26,27,28,29,30,31,32,33,34,35,36]}"
"570","{""_type"":""histogram"",""values"":[0,0,0,0,11,4,44,10,16,0,1,11,2,3,3,19,3,9,1,26,9,11,24,7,2810,0,1,60,0,19,24,8,4,5,1,35],""bins"":[0,1,2,3,4,5,6,7,8,9,10,11,12,13,14,15,16,17,18,19,20,21,22,23,24,25,26,27,28,29,30,31,32,33,34,35,36]}"
"580","{""_type"":""histogram"",""values"":[0,0,0,0,11,3,47,8,16,0,1,11,2,3,3,18,3,8,1,23,8,11,26,8,2810,0,1,61,0,19,23,8,4,3,1,34],""bins"":[0,1,2,3,4,5,6,7,8,9,10,11,12,13,14,15,16,17,18,19,20,21,22,23,24,25,26,27,28,29,30,31,32,33,34,35,36]}"
"590","{""_type"":""histogram"",""values"":[0,0,0,0,10,2,44,7,16,1,0,11,2,2,3,19,3,7,1,23,8,8,24,5,2810,0,0,51,0,19,23,8,4,4,1,37],""bins"":[0,1,2,3,4,5,6,7,8,9,10,11,12,13,14,15,16,17,18,19,20,21,22,23,24,25,26,27,28,29,30,31,32,33,34,35,36]}"
"600","{""_type"":""histogram"",""values"":[0,0,0,0,10,3,44,13,14,1,0,11,2,3,3,19,3,9,1,24,9,11,25,8,2810,0,1,57,0,19,23,8,3,3,1,36],""bins"":[0,1,2,3,4,5,6,7,8,9,10,11,12,13,14,15,16,17,18,19,20,21,22,23,24,25,26,27,28,29,30,31,32,33,34,35,36]}"
"610","{""_type"":""histogram"",""values"":[0,0,0,0,10,3,42,17,14,1,0,12,2,3,3,18,3,11,1,23,9,10,24,8,2810,0,1,60,0,23,24,8,3,4,1,38],""bins"":[0,1,2,3,4,5,6,7,8,9,10,11,12,13,14,15,16,17,18,19,20,21,22,23,24,25,26,27,28,29,30,31,32,33,34,35,36]}"
"620","{""_type"":""histogram"",""values"":[0,0,0,0,10,3,45,18,14,1,0,11,2,4,3,19,3,9,1,25,9,11,26,8,2810,0,1,64,0,23,32,6,3,4,1,40],""bins"":[0,1,2,3,4,5,6,7,8,9,10,11,12,13,14,15,16,17,18,19,20,21,22,23,24,25,26,27,28,29,30,31,32,33,34,35,36]}"
"630","{""values"":[0,0,0,0,10,4,47,18,13,1,1,11,3,4,3,19,3,10,1,25,8,11,26,9,2810,0,1,66,0,20,29,6,2,4,1,37],""_type"":""histogram"",""bins"":[0,1,2,3,4,5,6,7,8,9,10,11,12,13,14,15,16,17,18,19,20,21,22,23,24,25,26,27,28,29,30,31,32,33,34,35,36]}"
"640","{""_type"":""histogram"",""values"":[0,0,0,0,11,6,48,19,13,0,2,11,3,4,3,19,3,10,1,24,8,13,28,9,2810,0,1,67,0,22,32,7,2,3,1,37],""bins"":[0,1,2,3,4,5,6,7,8,9,10,11,12,13,14,15,16,17,18,19,20,21,22,23,24,25,26,27,28,29,30,31,32,33,34,35,36]}"
"650","{""_type"":""histogram"",""values"":[0,0,0,0,10,4,45,20,13,1,2,13,3,4,3,17,3,11,1,24,9,13,27,10,2810,0,1,70,0,21,32,6,3,4,1,38],""bins"":[0,1,2,3,4,5,6,7,8,9,10,11,12,13,14,15,16,17,18,19,20,21,22,23,24,25,26,27,28,29,30,31,32,33,34,35,36]}"
"660","{""_type"":""histogram"",""values"":[0,0,0,0,10,4,39,15,12,1,0,12,2,4,4,14,3,11,1,23,9,12,24,7,2810,0,1,49,0,20,26,7,2,2,1,33],""bins"":[0,1,2,3,4,5,6,7,8,9,10,11,12,13,14,15,16,17,18,19,20,21,22,23,24,25,26,27,28,29,30,31,32,33,34,35,36]}"
"670","{""_type"":""histogram"",""values"":[0,0,0,0,10,4,33,11,11,1,0,12,2,3,4,10,3,9,1,23,7,13,23,6,2810,0,1,37,0,18,23,7,2,2,1,30],""bins"":[0,1,2,3,4,5,6,7,8,9,10,11,12,13,14,15,16,17,18,19,20,21,22,23,24,25,26,27,28,29,30,31,32,33,34,35,36]}"
"680","{""_type"":""histogram"",""values"":[0,0,0,0,10,4,30,12,11,1,0,10,2,3,5,11,3,9,1,22,7,14,25,5,2810,0,1,35,0,19,21,7,2,2,1,31],""bins"":[0,1,2,3,4,5,6,7,8,9,10,11,12,13,14,15,16,17,18,19,20,21,22,23,24,25,26,27,28,29,30,31,32,33,34,35,36]}"
"690","{""_type"":""histogram"",""values"":[0,0,0,0,10,4,31,11,11,1,0,11,2,3,4,12,3,9,1,22,7,14,25,5,2810,0,1,36,0,19,22,8,2,2,1,31],""bins"":[0,1,2,3,4,5,6,7,8,9,10,11,12,13,14,15,16,17,18,19,20,21,22,23,24,25,26,27,28,29,30,31,32,33,34,35,36]}"
"700","{""_type"":""histogram"",""values"":[0,0,0,0,10,4,30,10,9,1,0,11,2,3,4,13,3,9,1,22,7,14,25,5,2810,0,0,33,0,18,21,8,2,2,1,31],""bins"":[0,1,2,3,4,5,6,7,8,9,10,11,12,13,14,15,16,17,18,19,20,21,22,23,24,25,26,27,28,29,30,31,32,33,34,35,36]}"
"710","{""_type"":""histogram"",""values"":[0,0,0,0,10,5,30,9,9,0,0,11,2,3,4,13,3,8,1,23,7,14,25,5,2810,0,0,33,0,20,22,7,2,2,1,31],""bins"":[0,1,2,3,4,5,6,7,8,9,10,11,12,13,14,15,16,17,18,19,20,21,22,23,24,25,26,27,28,29,30,31,32,33,34,35,36]}"
"720","{""_type"":""histogram"",""values"":[0,0,0,0,10,4,32,12,10,0,0,11,2,2,4,12,3,9,1,23,7,16,26,6,2810,0,0,33,0,20,20,8,2,2,1,31],""bins"":[0,1,2,3,4,5,6,7,8,9,10,11,12,13,14,15,16,17,18,19,20,21,22,23,24,25,26,27,28,29,30,31,32,33,34,35,36]}"
"730","{""_type"":""histogram"",""values"":[0,0,0,0,10,4,31,12,10,1,0,12,2,2,4,11,3,9,0,23,7,13,24,5,2810,0,0,32,0,19,21,8,2,2,1,30],""bins"":[0,1,2,3,4,5,6,7,8,9,10,11,12,13,14,15,16,17,18,19,20,21,22,23,24,25,26,27,28,29,30,31,32,33,34,35,36]}"
"740","{""_type"":""histogram"",""values"":[0,0,0,0,10,4,28,9,10,0,0,12,2,2,4,12,3,8,1,23,7,13,24,5,2810,0,0,31,0,19,22,8,2,2,1,28],""bins"":[0,1,2,3,4,5,6,7,8,9,10,11,12,13,14,15,16,17,18,19,20,21,22,23,24,25,26,27,28,29,30,31,32,33,34,35,36]}"
"750","{""_type"":""histogram"",""values"":[0,0,0,0,10,4,29,10,10,0,0,11,2,2,4,12,3,9,1,23,7,14,24,5,2810,0,0,32,0,19,21,8,2,2,1,27],""bins"":[0,1,2,3,4,5,6,7,8,9,10,11,12,13,14,15,16,17,18,19,20,21,22,23,24,25,26,27,28,29,30,31,32,33,34,35,36]}"
"760","{""values"":[0,0,0,0,10,4,31,10,10,0,0,11,2,2,4,14,3,8,1,23,7,15,23,4,2810,0,0,32,0,20,20,8,2,2,1,29],""_type"":""histogram"",""bins"":[0,1,2,3,4,5,6,7,8,9,10,11,12,13,14,15,16,17,18,19,20,21,22,23,24,25,26,27,28,29,30,31,32,33,34,35,36]}"
"770","{""_type"":""histogram"",""values"":[0,0,0,0,10,4,29,10,11,0,0,11,2,2,4,14,3,8,1,24,7,16,23,4,2810,0,0,32,0,20,20,8,2,2,1,30],""bins"":[0,1,2,3,4,5,6,7,8,9,10,11,12,13,14,15,16,17,18,19,20,21,22,23,24,25,26,27,28,29,30,31,32,33,34,35,36]}"
"780","{""_type"":""histogram"",""values"":[0,0,0,0,10,4,28,10,11,1,0,11,2,2,4,15,3,7,0,24,7,16,23,5,2810,0,0,32,0,20,20,8,2,2,1,29],""bins"":[0,1,2,3,4,5,6,7,8,9,10,11,12,13,14,15,16,17,18,19,20,21,22,23,24,25,26,27,28,29,30,31,32,33,34,35,36]}"
"790","{""_type"":""histogram"",""values"":[0,0,0,0,10,4,30,11,12,1,1,11,2,2,5,12,3,7,0,25,7,12,21,3,2810,0,0,31,0,18,20,8,2,2,1,27],""bins"":[0,1,2,3,4,5,6,7,8,9,10,11,12,13,14,15,16,17,18,19,20,21,22,23,24,25,26,27,28,29,30,31,32,33,34,35,36]}"
"800","{""values"":[0,0,0,0,10,4,29,10,10,1,0,10,2,1,5,13,3,6,0,24,7,12,21,4,2810,0,0,30,0,13,19,7,2,2,1,25],""_type"":""histogram"",""bins"":[0,1,2,3,4,5,6,7,8,9,10,11,12,13,14,15,16,17,18,19,20,21,22,23,24,25,26,27,28,29,30,31,32,33,34,35,36]}"
"810","{""_type"":""histogram"",""values"":[0,0,0,0,10,4,28,10,10,1,0,10,2,1,4,14,3,6,0,24,7,10,21,3,2810,0,0,30,0,11,20,7,2,2,1,25],""bins"":[0,1,2,3,4,5,6,7,8,9,10,11,12,13,14,15,16,17,18,19,20,21,22,23,24,25,26,27,28,29,30,31,32,33,34,35,36]}"
"820","{""_type"":""histogram"",""values"":[0,0,0,0,10,5,26,10,10,1,0,10,2,1,5,13,3,6,0,25,7,9,22,4,2810,0,0,29,0,11,20,7,2,2,1,26],""bins"":[0,1,2,3,4,5,6,7,8,9,10,11,12,13,14,15,16,17,18,19,20,21,22,23,24,25,26,27,28,29,30,31,32,33,34,35,36]}"
"830","{""_type"":""histogram"",""values"":[0,0,0,0,10,3,26,10,11,2,1,10,2,1,4,13,3,6,0,25,7,10,23,3,2810,0,0,30,0,10,18,7,2,2,1,25],""bins"":[0,1,2,3,4,5,6,7,8,9,10,11,12,13,14,15,16,17,18,19,20,21,22,23,24,25,26,27,28,29,30,31,32,33,34,35,36]}"
"840","{""values"":[0,0,0,0,10,3,24,10,11,2,1,10,2,1,4,13,3,7,0,24,7,8,23,2,2810,0,0,29,0,9,18,7,2,2,1,24],""_type"":""histogram"",""bins"":[0,1,2,3,4,5,6,7,8,9,10,11,12,13,14,15,16,17,18,19,20,21,22,23,24,25,26,27,28,29,30,31,32,33,34,35,36]}"
"850","{""_type"":""histogram"",""values"":[0,0,0,0,10,3,23,10,11,2,0,10,2,1,4,13,3,6,0,24,7,9,23,2,2810,0,0,30,0,10,18,7,2,2,1,24],""bins"":[0,1,2,3,4,5,6,7,8,9,10,11,12,13,14,15,16,17,18,19,20,21,22,23,24,25,26,27,28,29,30,31,32,33,34,35,36]}"
"860","{""_type"":""histogram"",""values"":[0,0,0,0,10,3,21,10,12,2,0,10,2,2,4,14,3,6,0,24,7,10,23,3,2810,0,0,29,0,10,18,7,3,2,1,24],""bins"":[0,1,2,3,4,5,6,7,8,9,10,11,12,13,14,15,16,17,18,19,20,21,22,23,24,25,26,27,28,29,30,31,32,33,34,35,36]}"
"870","{""_type"":""histogram"",""values"":[0,0,0,0,10,3,23,10,11,2,0,10,2,1,4,14,3,6,0,24,7,10,23,3,2810,0,0,32,0,10,19,7,3,2,1,25],""bins"":[0,1,2,3,4,5,6,7,8,9,10,11,12,13,14,15,16,17,18,19,20,21,22,23,24,25,26,27,28,29,30,31,32,33,34,35,36]}"
"880","{""_type"":""histogram"",""values"":[0,0,0,0,10,5,23,12,12,2,0,10,2,1,4,13,3,6,0,24,7,9,23,3,2810,0,0,33,0,11,18,7,3,2,1,26],""bins"":[0,1,2,3,4,5,6,7,8,9,10,11,12,13,14,15,16,17,18,19,20,21,22,23,24,25,26,27,28,29,30,31,32,33,34,35,36]}"
"890","{""_type"":""histogram"",""values"":[0,0,0,0,10,5,24,11,11,2,1,10,2,1,3,14,3,6,0,24,7,11,24,2,2810,0,0,35,0,10,18,7,2,2,1,27],""bins"":[0,1,2,3,4,5,6,7,8,9,10,11,12,13,14,15,16,17,18,19,20,21,22,23,24,25,26,27,28,29,30,31,32,33,34,35,36]}"
"900","{""_type"":""histogram"",""values"":[0,0,0,0,10,4,24,11,11,2,0,10,2,1,3,13,3,7,0,22,7,11,24,2,2810,0,0,37,0,11,19,7,2,2,1,28],""bins"":[0,1,2,3,4,5,6,7,8,9,10,11,12,13,14,15,16,17,18,19,20,21,22,23,24,25,26,27,28,29,30,31,32,33,34,35,36]}"
"910","{""_type"":""histogram"",""values"":[0,0,0,0,10,3,26,10,11,2,0,10,2,1,3,13,3,7,0,22,7,11,24,2,2810,0,0,37,0,12,18,7,2,2,1,27],""bins"":[0,1,2,3,4,5,6,7,8,9,10,11,12,13,14,15,16,17,18,19,20,21,22,23,24,25,26,27,28,29,30,31,32,33,34,35,36]}"
"920","{""_type"":""histogram"",""values"":[0,0,0,0,10,4,25,10,11,2,0,10,2,1,3,13,3,7,0,22,7,10,24,2,2810,0,0,37,0,12,18,7,2,2,1,25],""bins"":[0,1,2,3,4,5,6,7,8,9,10,11,12,13,14,15,16,17,18,19,20,21,22,23,24,25,26,27,28,29,30,31,32,33,34,35,36]}"
"930","{""_type"":""histogram"",""values"":[0,0,0,0,10,4,25,9,12,2,0,10,2,1,3,14,3,7,0,21,7,9,24,2,2810,0,0,37,0,10,18,7,2,2,1,26],""bins"":[0,1,2,3,4,5,6,7,8,9,10,11,12,13,14,15,16,17,18,19,20,21,22,23,24,25,26,27,28,29,30,31,32,33,34,35,36]}"
"940","{""_type"":""histogram"",""values"":[0,0,0,0,10,4,25,10,12,2,0,10,2,1,3,13,3,6,0,22,7,9,24,2,2810,0,0,38,0,11,19,7,2,3,1,25],""bins"":[0,1,2,3,4,5,6,7,8,9,10,11,12,13,14,15,16,17,18,19,20,21,22,23,24,25,26,27,28,29,30,31,32,33,34,35,36]}"
"950","{""_type"":""histogram"",""values"":[0,0,0,0,10,4,26,11,12,2,0,10,2,1,3,14,3,6,0,22,7,9,24,3,2810,0,0,39,0,12,17,7,2,2,1,24],""bins"":[0,1,2,3,4,5,6,7,8,9,10,11,12,13,14,15,16,17,18,19,20,21,22,23,24,25,26,27,28,29,30,31,32,33,34,35,36]}"
"960","{""_type"":""histogram"",""values"":[0,0,0,0,10,4,25,11,12,2,0,10,2,1,3,13,3,7,0,23,7,9,24,3,2810,0,0,40,0,12,18,7,2,3,1,24],""bins"":[0,1,2,3,4,5,6,7,8,9,10,11,12,13,14,15,16,17,18,19,20,21,22,23,24,25,26,27,28,29,30,31,32,33,34,35,36]}"
"970","{""values"":[0,0,0,0,10,3,26,10,12,2,0,10,2,1,3,14,3,8,0,24,7,8,24,3,2810,0,0,40,0,12,18,6,2,2,1,25],""_type"":""histogram"",""bins"":[0,1,2,3,4,5,6,7,8,9,10,11,12,13,14,15,16,17,18,19,20,21,22,23,24,25,26,27,28,29,30,31,32,33,34,35,36]}"
"980","{""_type"":""histogram"",""values"":[0,0,0,0,10,3,25,11,13,2,1,10,2,1,3,14,3,8,0,24,7,8,24,3,2810,0,0,40,0,11,18,6,2,2,1,24],""bins"":[0,1,2,3,4,5,6,7,8,9,10,11,12,13,14,15,16,17,18,19,20,21,22,23,24,25,26,27,28,29,30,31,32,33,34,35,36]}"
"990","{""_type"":""histogram"",""values"":[0,0,0,0,10,4,24,10,12,2,1,10,2,1,3,13,3,7,0,23,7,8,24,3,2810,0,0,40,0,11,18,6,2,3,1,26],""bins"":[0,1,2,3,4,5,6,7,8,9,10,11,12,13,14,15,16,17,18,19,20,21,22,23,24,25,26,27,28,29,30,31,32,33,34,35,36]}"
"999","{""_type"":""histogram"",""values"":[0,0,0,0,10,4,25,10,13,2,0,10,2,1,3,14,3,7,0,23,7,9,24,3,2810,0,0,40,0,13,18,6,2,3,1,25],""bins"":[0,1,2,3,4,5,6,7,8,9,10,11,12,13,14,15,16,17,18,19,20,21,22,23,24,25,26,27,28,29,30,31,32,33,34,35,36]}"
