"Step","rstarcoder_sweep_routed_mlp_30 - eval/router/index_hist"
"0","{""_type"":""histogram"",""values"":[0,0,0,0,271,310,111,348,30,509,49,299,64,7,10,96,106,205,443,42,39,1193,104,30,2223,63,263,9,996,562,353,187,38,1529,154,633],""bins"":[0,1,2,3,4,5,6,7,8,9,10,11,12,13,14,15,16,17,18,19,20,21,22,23,24,25,26,27,28,29,30,31,32,33,34,35,36]}"
"10","{""_type"":""histogram"",""values"":[0,0,0,0,667,357,57,628,15,484,264,96,196,9,9,386,49,240,251,12,15,839,547,14,2437,20,69,37,155,286,318,88,19,1402,158,1152],""bins"":[0,1,2,3,4,5,6,7,8,9,10,11,12,13,14,15,16,17,18,19,20,21,22,23,24,25,26,27,28,29,30,31,32,33,34,35,36]}"
"20","{""_type"":""histogram"",""values"":[0,0,0,0,1051,187,169,496,9,564,471,164,33,7,7,476,25,226,438,11,32,780,720,12,2780,15,20,123,55,296,407,31,45,239,43,1344],""bins"":[0,1,2,3,4,5,6,7,8,9,10,11,12,13,14,15,16,17,18,19,20,21,22,23,24,25,26,27,28,29,30,31,32,33,34,35,36]}"
"30","{""_type"":""histogram"",""values"":[0,0,0,0,1350,105,294,147,5,151,176,252,7,4,9,889,15,128,394,16,18,1117,563,9,2812,26,8,176,105,359,378,8,36,8,13,1694],""bins"":[0,1,2,3,4,5,6,7,8,9,10,11,12,13,14,15,16,17,18,19,20,21,22,23,24,25,26,27,28,29,30,31,32,33,34,35,36]}"
"40","{""_type"":""histogram"",""values"":[0,0,0,0,1758,66,267,69,6,104,112,261,6,4,10,961,19,77,361,13,14,1212,220,7,2808,29,3,166,166,408,261,6,34,2,10,1713],""bins"":[0,1,2,3,4,5,6,7,8,9,10,11,12,13,14,15,16,17,18,19,20,21,22,23,24,25,26,27,28,29,30,31,32,33,34,35,36]}"
"50","{""_type"":""histogram"",""values"":[0,0,0,0,904,68,264,60,6,80,97,221,4,6,11,818,17,70,189,10,12,1207,176,13,2810,34,1,133,150,510,100,6,24,1,8,1521],""bins"":[0,1,2,3,4,5,6,7,8,9,10,11,12,13,14,15,16,17,18,19,20,21,22,23,24,25,26,27,28,29,30,31,32,33,34,35,36]}"
"60","{""_type"":""histogram"",""values"":[0,0,0,0,653,51,226,37,6,75,78,190,3,5,16,660,13,47,110,6,14,1087,113,12,2810,11,1,76,133,675,46,5,16,1,7,1358],""bins"":[0,1,2,3,4,5,6,7,8,9,10,11,12,13,14,15,16,17,18,19,20,21,22,23,24,25,26,27,28,29,30,31,32,33,34,35,36]}"
"70","{""_type"":""histogram"",""values"":[0,0,0,0,505,48,213,34,8,81,71,179,3,5,15,555,12,47,96,10,14,1061,82,14,2810,10,1,60,137,784,41,6,12,1,8,1192],""bins"":[0,1,2,3,4,5,6,7,8,9,10,11,12,13,14,15,16,17,18,19,20,21,22,23,24,25,26,27,28,29,30,31,32,33,34,35,36]}"
"80","{""_type"":""histogram"",""values"":[0,0,0,0,491,33,198,35,8,82,64,164,3,6,16,635,5,42,80,11,14,1051,50,12,2810,9,2,85,122,711,35,6,13,2,8,1149],""bins"":[0,1,2,3,4,5,6,7,8,9,10,11,12,13,14,15,16,17,18,19,20,21,22,23,24,25,26,27,28,29,30,31,32,33,34,35,36]}"
"90","{""values"":[0,0,0,0,461,29,202,35,5,77,75,159,3,9,16,666,5,43,73,11,16,1033,50,10,2810,9,1,105,119,674,38,7,14,1,8,1103],""_type"":""histogram"",""bins"":[0,1,2,3,4,5,6,7,8,9,10,11,12,13,14,15,16,17,18,19,20,21,22,23,24,25,26,27,28,29,30,31,32,33,34,35,36]}"
"100","{""_type"":""histogram"",""values"":[0,0,0,0,397,26,209,20,5,77,60,144,4,6,17,603,4,44,105,10,15,944,47,7,2810,9,1,40,109,516,24,6,11,1,6,952],""bins"":[0,1,2,3,4,5,6,7,8,9,10,11,12,13,14,15,16,17,18,19,20,21,22,23,24,25,26,27,28,29,30,31,32,33,34,35,36]}"
"110","{""values"":[0,0,0,0,300,21,140,9,6,61,37,108,3,5,12,389,4,40,84,10,14,674,30,6,2810,9,1,4,69,93,22,5,7,1,5,610],""_type"":""histogram"",""bins"":[0,1,2,3,4,5,6,7,8,9,10,11,12,13,14,15,16,17,18,19,20,21,22,23,24,25,26,27,28,29,30,31,32,33,34,35,36]}"
"120","{""_type"":""histogram"",""values"":[0,0,0,0,284,20,138,9,6,65,35,109,4,7,11,374,4,41,93,11,12,622,27,5,2810,11,1,2,77,46,22,4,9,1,5,559],""bins"":[0,1,2,3,4,5,6,7,8,9,10,11,12,13,14,15,16,17,18,19,20,21,22,23,24,25,26,27,28,29,30,31,32,33,34,35,36]}"
"130","{""_type"":""histogram"",""values"":[0,0,0,0,294,19,147,10,6,69,40,110,3,8,13,380,3,42,111,9,14,636,39,6,2810,7,0,2,84,38,25,4,10,1,5,573],""bins"":[0,1,2,3,4,5,6,7,8,9,10,11,12,13,14,15,16,17,18,19,20,21,22,23,24,25,26,27,28,29,30,31,32,33,34,35,36]}"
"140","{""_type"":""histogram"",""values"":[0,0,0,0,298,23,143,10,6,56,42,122,3,9,12,351,1,34,125,9,14,638,40,6,2810,8,1,2,98,36,29,3,9,2,6,595],""bins"":[0,1,2,3,4,5,6,7,8,9,10,11,12,13,14,15,16,17,18,19,20,21,22,23,24,25,26,27,28,29,30,31,32,33,34,35,36]}"
"150","{""_type"":""histogram"",""values"":[0,0,0,0,312,25,147,8,5,55,40,131,3,10,12,414,1,44,153,11,13,691,36,4,2810,11,1,1,105,35,24,3,10,1,4,618],""bins"":[0,1,2,3,4,5,6,7,8,9,10,11,12,13,14,15,16,17,18,19,20,21,22,23,24,25,26,27,28,29,30,31,32,33,34,35,36]}"
"160","{""_type"":""histogram"",""values"":[0,0,0,0,315,21,139,12,8,57,46,121,3,10,13,474,0,47,194,9,14,747,50,7,2810,9,0,1,92,38,29,2,11,1,3,676],""bins"":[0,1,2,3,4,5,6,7,8,9,10,11,12,13,14,15,16,17,18,19,20,21,22,23,24,25,26,27,28,29,30,31,32,33,34,35,36]}"
"170","{""_type"":""histogram"",""values"":[0,0,0,0,317,16,146,11,7,62,48,125,4,10,10,462,1,42,189,9,11,723,38,7,2810,12,0,1,83,31,23,4,12,1,6,663],""bins"":[0,1,2,3,4,5,6,7,8,9,10,11,12,13,14,15,16,17,18,19,20,21,22,23,24,25,26,27,28,29,30,31,32,33,34,35,36]}"
"180","{""_type"":""histogram"",""values"":[0,0,0,0,233,13,152,9,7,51,38,123,3,11,11,423,4,33,159,11,12,654,43,6,2810,10,0,2,82,24,24,4,11,2,8,612],""bins"":[0,1,2,3,4,5,6,7,8,9,10,11,12,13,14,15,16,17,18,19,20,21,22,23,24,25,26,27,28,29,30,31,32,33,34,35,36]}"
"190","{""_type"":""histogram"",""values"":[0,0,0,0,224,16,158,9,6,55,34,127,3,12,10,367,6,38,146,11,13,647,47,7,2810,10,0,1,94,25,26,6,14,1,7,647],""bins"":[0,1,2,3,4,5,6,7,8,9,10,11,12,13,14,15,16,17,18,19,20,21,22,23,24,25,26,27,28,29,30,31,32,33,34,35,36]}"
"200","{""_type"":""histogram"",""values"":[0,0,0,0,294,18,161,13,5,57,43,124,3,11,10,457,7,37,200,11,13,779,61,8,2810,10,0,1,108,22,32,4,16,1,6,774],""bins"":[0,1,2,3,4,5,6,7,8,9,10,11,12,13,14,15,16,17,18,19,20,21,22,23,24,25,26,27,28,29,30,31,32,33,34,35,36]}"
"210","{""_type"":""histogram"",""values"":[0,0,0,0,462,28,186,12,4,66,52,134,3,8,12,588,5,52,257,11,12,928,66,8,2810,10,0,1,143,34,41,3,17,2,9,918],""bins"":[0,1,2,3,4,5,6,7,8,9,10,11,12,13,14,15,16,17,18,19,20,21,22,23,24,25,26,27,28,29,30,31,32,33,34,35,36]}"
"220","{""_type"":""histogram"",""values"":[0,0,0,0,523,33,178,17,5,72,61,143,3,7,11,641,7,50,242,13,12,964,61,8,2810,12,1,1,145,40,44,4,14,3,7,980],""bins"":[0,1,2,3,4,5,6,7,8,9,10,11,12,13,14,15,16,17,18,19,20,21,22,23,24,25,26,27,28,29,30,31,32,33,34,35,36]}"
"230","{""_type"":""histogram"",""values"":[0,0,0,0,746,27,167,11,7,73,56,139,3,2,8,608,6,38,198,10,13,896,47,7,2810,12,1,0,115,25,31,4,15,2,6,892],""bins"":[0,1,2,3,4,5,6,7,8,9,10,11,12,13,14,15,16,17,18,19,20,21,22,23,24,25,26,27,28,29,30,31,32,33,34,35,36]}"
"240","{""_type"":""histogram"",""values"":[0,0,0,0,802,31,146,14,7,66,50,122,3,2,14,574,5,37,189,9,12,845,45,5,2810,12,1,1,90,25,23,3,13,1,5,804],""bins"":[0,1,2,3,4,5,6,7,8,9,10,11,12,13,14,15,16,17,18,19,20,21,22,23,24,25,26,27,28,29,30,31,32,33,34,35,36]}"
"250","{""_type"":""histogram"",""values"":[0,0,0,0,869,28,162,10,6,70,57,128,3,1,10,570,7,36,179,8,13,848,50,5,2810,12,1,1,103,24,25,3,11,2,8,801],""bins"":[0,1,2,3,4,5,6,7,8,9,10,11,12,13,14,15,16,17,18,19,20,21,22,23,24,25,26,27,28,29,30,31,32,33,34,35,36]}"
"260","{""_type"":""histogram"",""values"":[0,0,0,0,980,24,158,16,7,70,61,145,3,1,12,601,6,35,188,8,12,886,46,2,2810,12,2,1,110,27,23,5,13,2,7,838],""bins"":[0,1,2,3,4,5,6,7,8,9,10,11,12,13,14,15,16,17,18,19,20,21,22,23,24,25,26,27,28,29,30,31,32,33,34,35,36]}"
"270","{""_type"":""histogram"",""values"":[0,0,0,0,1096,31,175,13,7,85,61,163,4,1,13,644,7,33,215,9,11,1096,52,5,2810,12,2,1,111,30,29,3,14,1,9,947],""bins"":[0,1,2,3,4,5,6,7,8,9,10,11,12,13,14,15,16,17,18,19,20,21,22,23,24,25,26,27,28,29,30,31,32,33,34,35,36]}"
"280","{""_type"":""histogram"",""values"":[0,0,0,0,809,33,172,15,6,106,63,168,3,0,12,655,6,43,246,10,11,1237,56,6,2810,12,1,1,157,33,39,2,15,2,7,1005],""bins"":[0,1,2,3,4,5,6,7,8,9,10,11,12,13,14,15,16,17,18,19,20,21,22,23,24,25,26,27,28,29,30,31,32,33,34,35,36]}"
"290","{""values"":[0,0,0,0,1237,38,180,11,9,139,75,168,3,0,12,652,7,37,149,7,13,1345,58,8,2810,15,1,4,149,30,36,3,17,1,7,1090],""_type"":""histogram"",""bins"":[0,1,2,3,4,5,6,7,8,9,10,11,12,13,14,15,16,17,18,19,20,21,22,23,24,25,26,27,28,29,30,31,32,33,34,35,36]}"
"300","{""values"":[0,0,0,0,1277,36,168,11,9,198,77,169,3,0,12,662,6,38,123,8,13,1355,55,8,2810,14,2,4,159,29,38,4,16,1,8,1063],""_type"":""histogram"",""bins"":[0,1,2,3,4,5,6,7,8,9,10,11,12,13,14,15,16,17,18,19,20,21,22,23,24,25,26,27,28,29,30,31,32,33,34,35,36]}"
"310","{""_type"":""histogram"",""values"":[0,0,0,0,569,40,174,9,8,199,65,156,2,0,14,629,8,51,121,10,12,1207,52,6,2810,9,2,3,172,30,34,4,15,1,7,937],""bins"":[0,1,2,3,4,5,6,7,8,9,10,11,12,13,14,15,16,17,18,19,20,21,22,23,24,25,26,27,28,29,30,31,32,33,34,35,36]}"
"320","{""_type"":""histogram"",""values"":[0,0,0,0,377,31,160,9,7,184,54,132,3,0,9,536,10,43,95,9,12,1075,46,4,2810,6,2,2,133,38,25,3,15,1,7,789],""bins"":[0,1,2,3,4,5,6,7,8,9,10,11,12,13,14,15,16,17,18,19,20,21,22,23,24,25,26,27,28,29,30,31,32,33,34,35,36]}"
"330","{""_type"":""histogram"",""values"":[0,0,0,0,279,27,151,8,7,177,52,132,3,0,9,490,9,36,85,8,12,1005,50,4,2810,6,1,3,121,30,23,4,13,2,7,695],""bins"":[0,1,2,3,4,5,6,7,8,9,10,11,12,13,14,15,16,17,18,19,20,21,22,23,24,25,26,27,28,29,30,31,32,33,34,35,36]}"
"340","{""_type"":""histogram"",""values"":[0,0,0,0,251,27,153,9,7,168,48,129,3,1,9,489,8,42,96,8,12,1033,54,4,2810,6,1,4,124,33,24,3,13,2,6,707],""bins"":[0,1,2,3,4,5,6,7,8,9,10,11,12,13,14,15,16,17,18,19,20,21,22,23,24,25,26,27,28,29,30,31,32,33,34,35,36]}"
"350","{""_type"":""histogram"",""values"":[0,0,0,0,237,27,144,10,7,136,52,125,3,1,9,456,8,36,100,9,12,1019,46,3,2810,5,1,3,119,39,27,3,11,1,6,680],""bins"":[0,1,2,3,4,5,6,7,8,9,10,11,12,13,14,15,16,17,18,19,20,21,22,23,24,25,26,27,28,29,30,31,32,33,34,35,36]}"
"360","{""_type"":""histogram"",""values"":[0,0,0,0,227,27,123,11,7,125,52,117,3,0,10,419,9,36,65,10,12,916,42,3,2810,6,1,2,106,34,19,4,11,2,6,617],""bins"":[0,1,2,3,4,5,6,7,8,9,10,11,12,13,14,15,16,17,18,19,20,21,22,23,24,25,26,27,28,29,30,31,32,33,34,35,36]}"
"370","{""values"":[0,0,0,0,211,22,113,11,7,118,50,113,3,0,11,357,10,26,44,9,12,757,45,3,2810,5,0,4,96,30,14,4,12,2,6,536],""_type"":""histogram"",""bins"":[0,1,2,3,4,5,6,7,8,9,10,11,12,13,14,15,16,17,18,19,20,21,22,23,24,25,26,27,28,29,30,31,32,33,34,35,36]}"
"380","{""values"":[0,0,0,0,210,19,110,10,7,119,47,114,3,0,10,344,9,29,39,9,12,707,42,3,2810,4,0,3,94,35,15,4,12,2,6,513],""_type"":""histogram"",""bins"":[0,1,2,3,4,5,6,7,8,9,10,11,12,13,14,15,16,17,18,19,20,21,22,23,24,25,26,27,28,29,30,31,32,33,34,35,36]}"
"390","{""_type"":""histogram"",""values"":[0,0,0,0,207,18,121,12,7,120,46,119,3,0,9,345,10,33,36,9,12,690,41,4,2810,4,0,2,92,32,17,4,12,1,6,502],""bins"":[0,1,2,3,4,5,6,7,8,9,10,11,12,13,14,15,16,17,18,19,20,21,22,23,24,25,26,27,28,29,30,31,32,33,34,35,36]}"
"400","{""_type"":""histogram"",""values"":[0,0,0,0,192,18,112,13,7,120,43,114,3,0,10,338,10,34,35,9,12,666,41,4,2810,4,0,3,88,33,17,4,12,1,6,491],""bins"":[0,1,2,3,4,5,6,7,8,9,10,11,12,13,14,15,16,17,18,19,20,21,22,23,24,25,26,27,28,29,30,31,32,33,34,35,36]}"
"410","{""_type"":""histogram"",""values"":[0,0,0,0,182,17,111,12,7,118,41,110,3,1,10,326,10,31,34,8,12,661,38,4,2810,4,0,3,87,34,18,4,12,2,6,484],""bins"":[0,1,2,3,4,5,6,7,8,9,10,11,12,13,14,15,16,17,18,19,20,21,22,23,24,25,26,27,28,29,30,31,32,33,34,35,36]}"
"420","{""values"":[0,0,0,0,175,17,111,12,7,113,41,107,3,1,8,324,9,29,34,8,12,651,40,3,2810,5,0,3,88,34,15,4,12,1,6,478],""_type"":""histogram"",""bins"":[0,1,2,3,4,5,6,7,8,9,10,11,12,13,14,15,16,17,18,19,20,21,22,23,24,25,26,27,28,29,30,31,32,33,34,35,36]}"
"430","{""_type"":""histogram"",""values"":[0,0,0,0,172,19,104,14,7,113,35,104,3,1,9,317,10,27,30,8,12,651,40,3,2810,4,0,3,80,33,15,4,11,1,6,469],""bins"":[0,1,2,3,4,5,6,7,8,9,10,11,12,13,14,15,16,17,18,19,20,21,22,23,24,25,26,27,28,29,30,31,32,33,34,35,36]}"
"440","{""_type"":""histogram"",""values"":[0,0,0,0,169,19,105,12,7,111,36,106,3,1,10,316,10,28,32,8,12,633,37,4,2810,5,0,3,74,30,15,4,11,1,6,468],""bins"":[0,1,2,3,4,5,6,7,8,9,10,11,12,13,14,15,16,17,18,19,20,21,22,23,24,25,26,27,28,29,30,31,32,33,34,35,36]}"
"450","{""_type"":""histogram"",""values"":[0,0,0,0,171,18,109,13,7,115,37,106,3,1,10,308,9,30,31,8,12,636,34,4,2810,5,0,3,77,32,16,4,12,1,6,477],""bins"":[0,1,2,3,4,5,6,7,8,9,10,11,12,13,14,15,16,17,18,19,20,21,22,23,24,25,26,27,28,29,30,31,32,33,34,35,36]}"
"460","{""_type"":""histogram"",""values"":[0,0,0,0,168,18,111,12,7,111,36,107,3,0,10,313,10,28,33,8,12,635,37,4,2810,5,0,3,79,30,15,4,12,1,6,475],""bins"":[0,1,2,3,4,5,6,7,8,9,10,11,12,13,14,15,16,17,18,19,20,21,22,23,24,25,26,27,28,29,30,31,32,33,34,35,36]}"
"470","{""_type"":""histogram"",""values"":[0,0,0,0,188,18,113,12,6,108,44,113,3,0,9,322,10,32,32,8,12,644,39,3,2810,4,0,2,83,31,16,4,12,2,6,493],""bins"":[0,1,2,3,4,5,6,7,8,9,10,11,12,13,14,15,16,17,18,19,20,21,22,23,24,25,26,27,28,29,30,31,32,33,34,35,36]}"
"480","{""values"":[0,0,0,0,189,14,114,12,6,105,47,116,3,0,10,342,10,33,35,8,12,657,41,3,2810,4,0,2,84,30,17,4,12,2,6,492],""_type"":""histogram"",""bins"":[0,1,2,3,4,5,6,7,8,9,10,11,12,13,14,15,16,17,18,19,20,21,22,23,24,25,26,27,28,29,30,31,32,33,34,35,36]}"
"490","{""values"":[0,0,0,0,194,18,116,12,7,103,45,114,3,0,9,331,10,33,35,9,12,658,40,3,2810,4,0,3,83,31,17,4,11,1,6,490],""_type"":""histogram"",""bins"":[0,1,2,3,4,5,6,7,8,9,10,11,12,13,14,15,16,17,18,19,20,21,22,23,24,25,26,27,28,29,30,31,32,33,34,35,36]}"
"499","{""_type"":""histogram"",""values"":[0,0,0,0,194,16,116,13,7,104,48,108,3,0,10,329,9,34,32,8,12,670,40,3,2810,4,0,2,80,30,18,4,11,3,6,495],""bins"":[0,1,2,3,4,5,6,7,8,9,10,11,12,13,14,15,16,17,18,19,20,21,22,23,24,25,26,27,28,29,30,31,32,33,34,35,36]}"
