"Step","rstarcoder_sweep_routed_mlp_lflb_41_rerun - eval/router/index_hist"
"0","{""_type"":""histogram"",""values"":[0,0,0,0,271,310,111,348,30,509,49,299,64,7,10,96,106,205,443,42,39,1193,104,30,2223,63,263,9,996,562,353,187,38,1529,154,633],""bins"":[0,1,2,3,4,5,6,7,8,9,10,11,12,13,14,15,16,17,18,19,20,21,22,23,24,25,26,27,28,29,30,31,32,33,34,35,36]}"
"10","{""_type"":""histogram"",""values"":[0,0,0,0,151,910,120,312,88,55,150,190,273,54,124,180,170,1474,1175,68,107,412,272,84,0,227,98,156,1563,312,464,91,224,1193,329,250],""bins"":[0,1,2,3,4,5,6,7,8,9,10,11,12,13,14,15,16,17,18,19,20,21,22,23,24,25,26,27,28,29,30,31,32,33,34,35,36]}"
"20","{""values"":[0,0,0,0,172,38,227,1540,39,13,166,229,60,100,187,118,58,16,567,108,154,139,64,94,0,553,21,333,2650,257,215,10,33,2030,1039,46],""_type"":""histogram"",""bins"":[0,1,2,3,4,5,6,7,8,9,10,11,12,13,14,15,16,17,18,19,20,21,22,23,24,25,26,27,28,29,30,31,32,33,34,35,36]}"
"30","{""_type"":""histogram"",""values"":[0,0,0,0,264,14,212,9,88,1,70,52,358,124,127,141,5,4,14,1,156,238,46,701,0,22,3,588,2778,13,197,2,47,2566,2393,42],""bins"":[0,1,2,3,4,5,6,7,8,9,10,11,12,13,14,15,16,17,18,19,20,21,22,23,24,25,26,27,28,29,30,31,32,33,34,35,36]}"
"40","{""_type"":""histogram"",""values"":[0,0,0,0,45,15,739,1,168,3,177,22,1074,35,51,127,4,4,7,1,116,880,34,1828,0,3,2,22,2813,0,86,2,138,2759,42,78],""bins"":[0,1,2,3,4,5,6,7,8,9,10,11,12,13,14,15,16,17,18,19,20,21,22,23,24,25,26,27,28,29,30,31,32,33,34,35,36]}"
"50","{""_type"":""histogram"",""values"":[0,0,0,0,20,15,622,1,27,7,677,12,1076,24,7,21,5,3,6,1,51,1156,16,1818,0,0,2,6,2812,0,16,2,56,2772,3,42],""bins"":[0,1,2,3,4,5,6,7,8,9,10,11,12,13,14,15,16,17,18,19,20,21,22,23,24,25,26,27,28,29,30,31,32,33,34,35,36]}"
"60","{""_type"":""histogram"",""values"":[0,0,0,0,35,69,2397,2,206,22,236,18,52,1674,35,113,20,22,8,0,69,1447,466,1240,0,2,9,11,2809,0,57,0,187,15,3,52],""bins"":[0,1,2,3,4,5,6,7,8,9,10,11,12,13,14,15,16,17,18,19,20,21,22,23,24,25,26,27,28,29,30,31,32,33,34,35,36]}"
"70","{""_type"":""histogram"",""values"":[0,0,0,0,33,81,2716,2,68,21,18,17,18,2600,37,99,28,56,13,0,88,954,1058,273,0,0,2,15,2810,0,54,0,207,1,1,6],""bins"":[0,1,2,3,4,5,6,7,8,9,10,11,12,13,14,15,16,17,18,19,20,21,22,23,24,25,26,27,28,29,30,31,32,33,34,35,36]}"
"80","{""values"":[0,0,0,0,42,68,2756,3,87,20,9,22,13,2256,44,366,25,87,23,1,134,784,1140,173,0,2,3,132,2812,0,124,0,140,4,2,4],""_type"":""histogram"",""bins"":[0,1,2,3,4,5,6,7,8,9,10,11,12,13,14,15,16,17,18,19,20,21,22,23,24,25,26,27,28,29,30,31,32,33,34,35,36]}"
"90","{""_type"":""histogram"",""values"":[0,0,0,0,82,197,2778,4,92,78,21,45,20,2,112,1463,114,53,23,1,374,1196,392,411,0,16,3,368,2814,2,481,0,88,11,2,33],""bins"":[0,1,2,3,4,5,6,7,8,9,10,11,12,13,14,15,16,17,18,19,20,21,22,23,24,25,26,27,28,29,30,31,32,33,34,35,36]}"
"100","{""_type"":""histogram"",""values"":[0,0,0,0,2547,85,2763,3,9,31,4,54,25,0,98,1509,46,6,12,0,327,461,0,108,0,11,0,40,2810,1,271,0,14,12,2,27],""bins"":[0,1,2,3,4,5,6,7,8,9,10,11,12,13,14,15,16,17,18,19,20,21,22,23,24,25,26,27,28,29,30,31,32,33,34,35,36]}"
"110","{""_type"":""histogram"",""values"":[0,0,0,0,2761,85,2146,14,11,27,4,72,53,0,91,1722,9,4,17,0,949,302,0,97,0,6,4,16,2810,0,34,0,10,24,3,5],""bins"":[0,1,2,3,4,5,6,7,8,9,10,11,12,13,14,15,16,17,18,19,20,21,22,23,24,25,26,27,28,29,30,31,32,33,34,35,36]}"
"120","{""_type"":""histogram"",""values"":[0,0,0,0,527,252,1270,560,17,33,79,82,93,0,31,2179,17,10,30,0,1674,1165,0,299,0,31,5,26,2817,2,2,0,18,53,3,1],""bins"":[0,1,2,3,4,5,6,7,8,9,10,11,12,13,14,15,16,17,18,19,20,21,22,23,24,25,26,27,28,29,30,31,32,33,34,35,36]}"
"130","{""_type"":""histogram"",""values"":[0,0,0,0,10,263,534,120,36,39,167,100,180,0,27,2450,37,15,19,0,2126,1459,0,558,0,48,127,52,2819,2,0,0,13,72,2,1],""bins"":[0,1,2,3,4,5,6,7,8,9,10,11,12,13,14,15,16,17,18,19,20,21,22,23,24,25,26,27,28,29,30,31,32,33,34,35,36]}"
"140","{""values"":[0,0,0,0,10,240,14,96,51,16,355,160,5,0,22,2507,25,33,11,0,779,2037,0,982,0,124,736,105,2819,9,0,0,19,120,0,1],""_type"":""histogram"",""bins"":[0,1,2,3,4,5,6,7,8,9,10,11,12,13,14,15,16,17,18,19,20,21,22,23,24,25,26,27,28,29,30,31,32,33,34,35,36]}"
"160","{""_type"":""histogram"",""values"":[0,0,0,0,23,101,0,93,30,3,1627,159,1,0,246,1166,13,34,1,0,21,2227,0,873,0,135,1338,78,2815,80,0,0,17,194,0,1],""bins"":[0,1,2,3,4,5,6,7,8,9,10,11,12,13,14,15,16,17,18,19,20,21,22,23,24,25,26,27,28,29,30,31,32,33,34,35,36]}"
"170","{""_type"":""histogram"",""values"":[0,0,0,0,14,20,37,61,19,1,2227,24,0,0,1280,536,11,27,0,0,14,1911,0,950,0,77,1013,35,2818,144,0,0,23,33,0,1],""bins"":[0,1,2,3,4,5,6,7,8,9,10,11,12,13,14,15,16,17,18,19,20,21,22,23,24,25,26,27,28,29,30,31,32,33,34,35,36]}"
"180","{""_type"":""histogram"",""values"":[0,0,0,0,14,15,0,134,50,2,2708,10,0,0,67,945,13,66,0,0,19,1741,0,1219,0,67,790,38,2819,515,0,0,42,1,0,1],""bins"":[0,1,2,3,4,5,6,7,8,9,10,11,12,13,14,15,16,17,18,19,20,21,22,23,24,25,26,27,28,29,30,31,32,33,34,35,36]}"
"190","{""_type"":""histogram"",""values"":[0,0,0,0,30,18,0,172,94,2,2774,7,0,0,12,1099,10,92,0,0,20,952,0,994,0,74,225,41,2819,1802,0,0,39,0,0,0],""bins"":[0,1,2,3,4,5,6,7,8,9,10,11,12,13,14,15,16,17,18,19,20,21,22,23,24,25,26,27,28,29,30,31,32,33,34,35,36]}"
"200","{""values"":[0,0,0,0,196,8,0,212,1589,3,2814,7,0,0,8,1423,1,52,0,0,38,808,0,793,0,85,32,304,2819,19,0,0,65,0,0,0],""_type"":""histogram"",""bins"":[0,1,2,3,4,5,6,7,8,9,10,11,12,13,14,15,16,17,18,19,20,21,22,23,24,25,26,27,28,29,30,31,32,33,34,35,36]}"
"210","{""_type"":""histogram"",""values"":[0,0,0,0,278,1,0,161,2131,2,2815,5,0,0,5,1841,0,20,0,0,54,344,0,315,0,61,3,369,2819,0,1,0,51,0,0,0],""bins"":[0,1,2,3,4,5,6,7,8,9,10,11,12,13,14,15,16,17,18,19,20,21,22,23,24,25,26,27,28,29,30,31,32,33,34,35,36]}"
"220","{""_type"":""histogram"",""values"":[0,0,0,0,257,1,0,194,2201,2,2816,3,0,0,3,2146,0,20,0,0,12,225,0,70,0,42,1,420,2819,0,1,0,43,0,0,0],""bins"":[0,1,2,3,4,5,6,7,8,9,10,11,12,13,14,15,16,17,18,19,20,21,22,23,24,25,26,27,28,29,30,31,32,33,34,35,36]}"
"230","{""values"":[0,0,0,0,143,1,0,311,2225,2,2722,2,0,0,2,2593,0,20,0,0,7,78,0,14,0,26,1,283,2819,0,0,0,27,0,0,0],""_type"":""histogram"",""bins"":[0,1,2,3,4,5,6,7,8,9,10,11,12,13,14,15,16,17,18,19,20,21,22,23,24,25,26,27,28,29,30,31,32,33,34,35,36]}"
"240","{""_type"":""histogram"",""values"":[0,0,0,0,466,1,0,1514,239,1,2235,3,0,0,3,2807,0,29,0,0,7,314,0,17,0,124,2,649,2819,0,0,0,46,0,0,0],""bins"":[0,1,2,3,4,5,6,7,8,9,10,11,12,13,14,15,16,17,18,19,20,21,22,23,24,25,26,27,28,29,30,31,32,33,34,35,36]}"
"250","{""_type"":""histogram"",""values"":[0,0,0,0,788,7,0,2337,176,8,2405,5,0,2,6,798,4,20,0,0,9,705,0,48,0,302,1,763,2819,0,0,0,73,0,0,0],""bins"":[0,1,2,3,4,5,6,7,8,9,10,11,12,13,14,15,16,17,18,19,20,21,22,23,24,25,26,27,28,29,30,31,32,33,34,35,36]}"
"260","{""_type"":""histogram"",""values"":[0,0,0,0,790,9,0,2412,184,19,2463,8,0,2,26,1,9,18,0,0,23,1337,0,48,0,481,0,536,2819,0,1,1,89,0,0,0],""bins"":[0,1,2,3,4,5,6,7,8,9,10,11,12,13,14,15,16,17,18,19,20,21,22,23,24,25,26,27,28,29,30,31,32,33,34,35,36]}"
"270","{""values"":[0,0,0,0,766,5,0,2336,132,17,2432,9,0,1,165,0,7,10,0,0,19,1530,0,41,0,447,0,473,2819,0,1,0,66,0,0,0],""_type"":""histogram"",""bins"":[0,1,2,3,4,5,6,7,8,9,10,11,12,13,14,15,16,17,18,19,20,21,22,23,24,25,26,27,28,29,30,31,32,33,34,35,36]}"
"280","{""values"":[0,0,0,0,942,6,0,2412,0,19,2444,6,0,2,166,0,6,11,0,0,27,1457,0,53,0,310,0,526,2819,0,3,0,66,0,0,1],""_type"":""histogram"",""bins"":[0,1,2,3,4,5,6,7,8,9,10,11,12,13,14,15,16,17,18,19,20,21,22,23,24,25,26,27,28,29,30,31,32,33,34,35,36]}"
"290","{""_type"":""histogram"",""values"":[0,0,0,0,1016,7,0,2213,0,19,2344,4,2,6,10,0,3,8,0,0,128,1808,0,51,0,141,3,605,2819,0,5,0,84,0,0,0],""bins"":[0,1,2,3,4,5,6,7,8,9,10,11,12,13,14,15,16,17,18,19,20,21,22,23,24,25,26,27,28,29,30,31,32,33,34,35,36]}"
"300","{""_type"":""histogram"",""values"":[0,0,0,0,1008,3,0,2212,0,9,2529,3,1,9,6,0,3,5,0,0,167,1815,0,34,0,99,3,484,2819,0,6,0,61,0,0,0],""bins"":[0,1,2,3,4,5,6,7,8,9,10,11,12,13,14,15,16,17,18,19,20,21,22,23,24,25,26,27,28,29,30,31,32,33,34,35,36]}"
"310","{""values"":[0,0,0,0,1563,6,0,2558,0,13,2713,3,1,10,4,0,5,14,0,0,364,23,0,45,0,293,9,745,2819,0,9,1,78,0,0,0],""_type"":""histogram"",""bins"":[0,1,2,3,4,5,6,7,8,9,10,11,12,13,14,15,16,17,18,19,20,21,22,23,24,25,26,27,28,29,30,31,32,33,34,35,36]}"
"320","{""values"":[0,0,0,0,1693,4,0,2417,0,9,2721,2,1,19,2,0,3,7,0,0,207,0,0,16,0,162,6,1124,2819,0,5,0,59,0,0,0],""_type"":""histogram"",""bins"":[0,1,2,3,4,5,6,7,8,9,10,11,12,13,14,15,16,17,18,19,20,21,22,23,24,25,26,27,28,29,30,31,32,33,34,35,36]}"
"330","{""_type"":""histogram"",""values"":[0,0,0,0,1806,4,0,2281,0,13,2656,2,1,40,3,0,2,8,0,0,174,0,0,13,0,111,7,1265,2819,0,7,1,63,0,0,0],""bins"":[0,1,2,3,4,5,6,7,8,9,10,11,12,13,14,15,16,17,18,19,20,21,22,23,24,25,26,27,28,29,30,31,32,33,34,35,36]}"
"340","{""_type"":""histogram"",""values"":[0,0,0,0,1176,3,0,2430,0,14,2241,1,0,43,4,0,1,10,0,0,959,0,0,14,0,157,6,1328,2819,0,7,2,61,0,0,0],""bins"":[0,1,2,3,4,5,6,7,8,9,10,11,12,13,14,15,16,17,18,19,20,21,22,23,24,25,26,27,28,29,30,31,32,33,34,35,36]}"
"350","{""_type"":""histogram"",""values"":[0,0,0,0,1126,11,0,2631,0,19,2178,2,2,48,6,0,3,22,0,0,44,0,0,40,0,332,13,1853,2819,0,23,2,102,0,0,0],""bins"":[0,1,2,3,4,5,6,7,8,9,10,11,12,13,14,15,16,17,18,19,20,21,22,23,24,25,26,27,28,29,30,31,32,33,34,35,36]}"
"360","{""values"":[0,0,0,0,1536,12,0,2605,0,19,1872,2,2,18,5,0,5,17,0,0,2,0,0,41,0,335,9,1782,2819,0,29,3,163,0,0,0],""_type"":""histogram"",""bins"":[0,1,2,3,4,5,6,7,8,9,10,11,12,13,14,15,16,17,18,19,20,21,22,23,24,25,26,27,28,29,30,31,32,33,34,35,36]}"
"370","{""values"":[0,0,0,0,1883,13,0,2617,0,17,1708,2,2,14,5,0,5,16,0,0,0,0,0,39,0,277,10,1642,2819,0,27,3,177,0,0,0],""_type"":""histogram"",""bins"":[0,1,2,3,4,5,6,7,8,9,10,11,12,13,14,15,16,17,18,19,20,21,22,23,24,25,26,27,28,29,30,31,32,33,34,35,36]}"
"380","{""_type"":""histogram"",""values"":[0,0,0,0,2167,17,0,2550,0,19,1560,2,2,14,7,0,5,14,0,0,0,0,0,40,0,258,7,1576,2819,0,29,1,189,0,0,0],""bins"":[0,1,2,3,4,5,6,7,8,9,10,11,12,13,14,15,16,17,18,19,20,21,22,23,24,25,26,27,28,29,30,31,32,33,34,35,36]}"
"390","{""_type"":""histogram"",""values"":[0,0,0,0,2009,27,0,2451,0,17,1538,2,2,13,32,0,7,22,0,0,0,0,0,60,0,348,7,1672,2819,0,31,3,216,0,0,0],""bins"":[0,1,2,3,4,5,6,7,8,9,10,11,12,13,14,15,16,17,18,19,20,21,22,23,24,25,26,27,28,29,30,31,32,33,34,35,36]}"
"400","{""_type"":""histogram"",""values"":[0,0,0,0,1954,67,0,687,0,14,1876,3,1,13,497,0,6,39,0,0,0,0,0,215,0,840,7,1921,2819,1,27,9,279,0,1,0],""bins"":[0,1,2,3,4,5,6,7,8,9,10,11,12,13,14,15,16,17,18,19,20,21,22,23,24,25,26,27,28,29,30,31,32,33,34,35,36]}"
"410","{""_type"":""histogram"",""values"":[0,0,0,0,1780,97,0,150,0,17,1800,5,1,8,1026,0,6,32,0,0,1,0,0,357,0,962,4,1894,2819,2,29,17,268,0,1,0],""bins"":[0,1,2,3,4,5,6,7,8,9,10,11,12,13,14,15,16,17,18,19,20,21,22,23,24,25,26,27,28,29,30,31,32,33,34,35,36]}"
"420","{""_type"":""histogram"",""values"":[0,0,0,0,1791,109,0,58,0,11,1498,6,1,7,1426,0,5,22,0,0,2,0,0,403,0,973,4,1851,2819,1,15,21,253,0,0,0],""bins"":[0,1,2,3,4,5,6,7,8,9,10,11,12,13,14,15,16,17,18,19,20,21,22,23,24,25,26,27,28,29,30,31,32,33,34,35,36]}"
"430","{""_type"":""histogram"",""values"":[0,0,0,0,1830,93,0,28,0,9,1092,6,1,8,2051,0,4,19,0,0,2,0,0,359,0,945,3,1748,2819,1,8,25,224,0,0,1],""bins"":[0,1,2,3,4,5,6,7,8,9,10,11,12,13,14,15,16,17,18,19,20,21,22,23,24,25,26,27,28,29,30,31,32,33,34,35,36]}"
"440","{""_type"":""histogram"",""values"":[0,0,0,0,1817,80,0,18,0,7,899,7,1,7,2426,0,2,16,0,0,2,0,0,290,0,858,3,1805,2819,0,8,20,190,0,0,1],""bins"":[0,1,2,3,4,5,6,7,8,9,10,11,12,13,14,15,16,17,18,19,20,21,22,23,24,25,26,27,28,29,30,31,32,33,34,35,36]}"
"450","{""_type"":""histogram"",""values"":[0,0,0,0,1678,114,0,20,0,8,1128,7,0,7,1776,0,3,20,0,0,1,0,0,346,0,952,3,2144,2819,1,7,24,217,0,0,1],""bins"":[0,1,2,3,4,5,6,7,8,9,10,11,12,13,14,15,16,17,18,19,20,21,22,23,24,25,26,27,28,29,30,31,32,33,34,35,36]}"
"460","{""_type"":""histogram"",""values"":[0,0,0,0,1902,127,0,25,0,9,1351,7,1,7,905,0,8,34,0,0,1,0,0,438,0,1003,4,2297,2819,1,9,28,298,0,1,1],""bins"":[0,1,2,3,4,5,6,7,8,9,10,11,12,13,14,15,16,17,18,19,20,21,22,23,24,25,26,27,28,29,30,31,32,33,34,35,36]}"
"470","{""_type"":""histogram"",""values"":[0,0,0,0,2217,93,0,6,0,11,1179,4,1,7,742,0,6,28,0,0,2,0,0,552,0,930,4,2311,2819,1,9,25,327,0,1,1],""bins"":[0,1,2,3,4,5,6,7,8,9,10,11,12,13,14,15,16,17,18,19,20,21,22,23,24,25,26,27,28,29,30,31,32,33,34,35,36]}"
"480","{""_type"":""histogram"",""values"":[0,0,0,0,2153,75,0,2,0,16,1054,4,1,7,791,0,6,27,0,0,2,0,0,740,0,908,3,2309,2819,1,6,26,324,0,1,1],""bins"":[0,1,2,3,4,5,6,7,8,9,10,11,12,13,14,15,16,17,18,19,20,21,22,23,24,25,26,27,28,29,30,31,32,33,34,35,36]}"
"490","{""_type"":""histogram"",""values"":[0,0,0,0,2053,68,0,2,0,17,1006,5,1,6,904,0,5,23,0,0,1,0,0,812,0,895,3,2304,2819,1,5,23,323,0,0,0],""bins"":[0,1,2,3,4,5,6,7,8,9,10,11,12,13,14,15,16,17,18,19,20,21,22,23,24,25,26,27,28,29,30,31,32,33,34,35,36]}"
"499","{""_type"":""histogram"",""values"":[0,0,0,0,2004,61,0,2,0,18,998,5,1,6,1132,0,5,20,0,0,1,0,0,698,0,884,3,2264,2819,1,3,23,328,0,0,0],""bins"":[0,1,2,3,4,5,6,7,8,9,10,11,12,13,14,15,16,17,18,19,20,21,22,23,24,25,26,27,28,29,30,31,32,33,34,35,36]}"
