"Step","rstarcoder_sweep_routed_mlp_zloss_5 - eval/router/index_hist"
"0","{""_type"":""histogram"",""values"":[0,0,0,0,271,310,111,348,30,509,49,299,64,7,10,96,106,205,443,42,39,1193,104,30,2223,63,263,9,996,562,353,187,38,1529,154,633],""bins"":[0,1,2,3,4,5,6,7,8,9,10,11,12,13,14,15,16,17,18,19,20,21,22,23,24,25,26,27,28,29,30,31,32,33,34,35,36]}"
"10","{""values"":[0,0,0,0,565,509,51,806,14,203,29,132,205,6,7,472,48,231,649,14,15,935,677,16,2544,18,87,17,118,294,377,99,11,920,206,1001],""_type"":""histogram"",""bins"":[0,1,2,3,4,5,6,7,8,9,10,11,12,13,14,15,16,17,18,19,20,21,22,23,24,25,26,27,28,29,30,31,32,33,34,35,36]}"
"20","{""_type"":""histogram"",""values"":[0,0,0,0,654,477,78,686,9,97,35,142,21,13,8,474,21,176,1052,14,30,1072,676,22,2776,19,63,110,27,246,443,23,34,408,110,1260],""bins"":[0,1,2,3,4,5,6,7,8,9,10,11,12,13,14,15,16,17,18,19,20,21,22,23,24,25,26,27,28,29,30,31,32,33,34,35,36]}"
"30","{""values"":[0,0,0,0,870,216,81,73,6,49,28,167,7,14,8,1255,12,104,1288,17,16,1069,259,25,2811,8,17,227,56,242,498,8,34,254,50,1507],""_type"":""histogram"",""bins"":[0,1,2,3,4,5,6,7,8,9,10,11,12,13,14,15,16,17,18,19,20,21,22,23,24,25,26,27,28,29,30,31,32,33,34,35,36]}"
"40","{""_type"":""histogram"",""values"":[0,0,0,0,830,174,85,26,4,36,36,198,4,21,7,1509,15,93,1242,13,11,1072,69,29,2814,5,14,254,109,246,486,4,29,256,44,1541],""bins"":[0,1,2,3,4,5,6,7,8,9,10,11,12,13,14,15,16,17,18,19,20,21,22,23,24,25,26,27,28,29,30,31,32,33,34,35,36]}"
"50","{""_type"":""histogram"",""values"":[0,0,0,0,486,231,93,23,5,33,58,233,4,41,7,1586,12,145,681,12,14,1180,36,41,2812,4,9,329,158,290,504,3,32,298,70,1846],""bins"":[0,1,2,3,4,5,6,7,8,9,10,11,12,13,14,15,16,17,18,19,20,21,22,23,24,25,26,27,28,29,30,31,32,33,34,35,36]}"
"60","{""_type"":""histogram"",""values"":[0,0,0,0,395,229,92,34,5,35,58,217,5,19,7,1435,10,163,724,11,12,1222,8,62,2811,4,9,336,164,329,525,4,27,371,100,1853],""bins"":[0,1,2,3,4,5,6,7,8,9,10,11,12,13,14,15,16,17,18,19,20,21,22,23,24,25,26,27,28,29,30,31,32,33,34,35,36]}"
"70","{""_type"":""histogram"",""values"":[0,0,0,0,369,238,84,40,9,45,61,176,8,6,7,1071,9,285,897,8,11,1307,14,61,2810,5,3,353,137,323,536,7,26,472,115,1783],""bins"":[0,1,2,3,4,5,6,7,8,9,10,11,12,13,14,15,16,17,18,19,20,21,22,23,24,25,26,27,28,29,30,31,32,33,34,35,36]}"
"80","{""_type"":""histogram"",""values"":[0,0,0,0,337,226,77,47,8,47,54,150,8,4,7,855,9,341,1044,10,11,1337,48,50,2810,6,3,403,116,245,554,14,23,584,123,1725],""bins"":[0,1,2,3,4,5,6,7,8,9,10,11,12,13,14,15,16,17,18,19,20,21,22,23,24,25,26,27,28,29,30,31,32,33,34,35,36]}"
"90","{""_type"":""histogram"",""values"":[0,0,0,0,287,268,92,64,10,45,65,155,7,2,7,559,10,398,934,12,7,983,107,58,2809,5,2,410,126,444,587,17,28,709,108,1961],""bins"":[0,1,2,3,4,5,6,7,8,9,10,11,12,13,14,15,16,17,18,19,20,21,22,23,24,25,26,27,28,29,30,31,32,33,34,35,36]}"
"100","{""_type"":""histogram"",""values"":[0,0,0,0,244,361,108,78,14,39,77,162,10,4,8,770,10,127,909,16,8,385,245,57,2809,6,2,342,147,927,591,15,23,881,86,1815],""bins"":[0,1,2,3,4,5,6,7,8,9,10,11,12,13,14,15,16,17,18,19,20,21,22,23,24,25,26,27,28,29,30,31,32,33,34,35,36]}"
"110","{""_type"":""histogram"",""values"":[0,0,0,0,248,915,174,157,14,31,215,176,11,4,10,384,19,40,237,19,6,282,353,65,2809,7,3,391,98,629,750,12,21,974,70,2152],""bins"":[0,1,2,3,4,5,6,7,8,9,10,11,12,13,14,15,16,17,18,19,20,21,22,23,24,25,26,27,28,29,30,31,32,33,34,35,36]}"
"120","{""_type"":""histogram"",""values"":[0,0,0,0,214,1131,297,184,14,30,334,209,9,3,12,114,28,30,111,20,7,204,341,71,2813,10,5,386,102,447,784,14,17,1020,63,2252],""bins"":[0,1,2,3,4,5,6,7,8,9,10,11,12,13,14,15,16,17,18,19,20,21,22,23,24,25,26,27,28,29,30,31,32,33,34,35,36]}"
"130","{""_type"":""histogram"",""values"":[0,0,0,0,295,1138,193,232,15,33,356,204,13,4,16,38,39,40,95,16,10,166,405,81,2808,8,3,426,95,355,808,16,14,1089,25,2240],""bins"":[0,1,2,3,4,5,6,7,8,9,10,11,12,13,14,15,16,17,18,19,20,21,22,23,24,25,26,27,28,29,30,31,32,33,34,35,36]}"
"140","{""values"":[0,0,0,0,376,1053,18,286,13,34,422,172,18,4,14,59,42,50,81,13,14,162,446,78,2806,8,6,490,85,317,775,23,14,1164,20,2213],""_type"":""histogram"",""bins"":[0,1,2,3,4,5,6,7,8,9,10,11,12,13,14,15,16,17,18,19,20,21,22,23,24,25,26,27,28,29,30,31,32,33,34,35,36]}"
"150","{""values"":[0,0,0,0,417,966,4,385,14,40,565,208,19,4,11,108,52,80,88,12,14,211,449,59,2807,9,7,428,43,324,494,18,14,1235,17,2174],""_type"":""histogram"",""bins"":[0,1,2,3,4,5,6,7,8,9,10,11,12,13,14,15,16,17,18,19,20,21,22,23,24,25,26,27,28,29,30,31,32,33,34,35,36]}"
"160","{""values"":[0,0,0,0,388,926,1,404,15,40,832,235,14,9,11,57,63,88,30,15,9,215,501,69,2807,10,4,430,18,246,357,12,7,1124,17,2322],""_type"":""histogram"",""bins"":[0,1,2,3,4,5,6,7,8,9,10,11,12,13,14,15,16,17,18,19,20,21,22,23,24,25,26,27,28,29,30,31,32,33,34,35,36]}"
"170","{""_type"":""histogram"",""values"":[0,0,0,0,355,845,2,386,17,40,1001,256,12,15,9,17,55,89,13,15,9,298,526,76,2809,12,5,401,15,195,318,14,6,1063,22,2378],""bins"":[0,1,2,3,4,5,6,7,8,9,10,11,12,13,14,15,16,17,18,19,20,21,22,23,24,25,26,27,28,29,30,31,32,33,34,35,36]}"
"180","{""values"":[0,0,0,0,289,779,2,392,22,39,980,235,15,20,8,11,54,99,11,15,6,421,565,67,2810,11,4,395,12,181,356,14,4,1054,22,2379],""_type"":""histogram"",""bins"":[0,1,2,3,4,5,6,7,8,9,10,11,12,13,14,15,16,17,18,19,20,21,22,23,24,25,26,27,28,29,30,31,32,33,34,35,36]}"
"190","{""_type"":""histogram"",""values"":[0,0,0,0,244,888,3,441,23,37,1040,204,13,30,7,11,52,104,11,15,7,788,353,67,2810,11,6,304,11,135,383,20,4,979,22,2251],""bins"":[0,1,2,3,4,5,6,7,8,9,10,11,12,13,14,15,16,17,18,19,20,21,22,23,24,25,26,27,28,29,30,31,32,33,34,35,36]}"
"200","{""_type"":""histogram"",""values"":[0,0,0,0,243,1002,3,736,22,42,1699,236,15,46,10,11,50,209,13,18,6,999,450,71,2810,20,6,267,13,90,414,24,5,738,27,981],""bins"":[0,1,2,3,4,5,6,7,8,9,10,11,12,13,14,15,16,17,18,19,20,21,22,23,24,25,26,27,28,29,30,31,32,33,34,35,36]}"
"210","{""_type"":""histogram"",""values"":[0,0,0,0,242,966,2,859,23,51,1651,275,23,74,11,11,49,391,13,16,6,1055,452,75,2809,27,7,246,16,86,490,31,7,703,29,580],""bins"":[0,1,2,3,4,5,6,7,8,9,10,11,12,13,14,15,16,17,18,19,20,21,22,23,24,25,26,27,28,29,30,31,32,33,34,35,36]}"
"220","{""_type"":""histogram"",""values"":[0,0,0,0,228,1221,3,740,23,50,1474,277,32,118,11,12,48,756,15,16,6,1127,378,74,2809,40,7,251,16,80,408,31,7,562,33,423],""bins"":[0,1,2,3,4,5,6,7,8,9,10,11,12,13,14,15,16,17,18,19,20,21,22,23,24,25,26,27,28,29,30,31,32,33,34,35,36]}"
"230","{""_type"":""histogram"",""values"":[0,0,0,0,239,1974,4,524,40,52,1621,595,47,87,16,11,46,804,16,14,6,193,270,82,2809,206,9,273,18,181,271,45,7,322,39,455],""bins"":[0,1,2,3,4,5,6,7,8,9,10,11,12,13,14,15,16,17,18,19,20,21,22,23,24,25,26,27,28,29,30,31,32,33,34,35,36]}"
"240","{""_type"":""histogram"",""values"":[0,0,0,0,238,2324,4,510,55,54,1460,876,64,68,18,6,37,587,13,17,6,36,145,78,2810,361,9,289,17,297,144,52,5,219,32,445],""bins"":[0,1,2,3,4,5,6,7,8,9,10,11,12,13,14,15,16,17,18,19,20,21,22,23,24,25,26,27,28,29,30,31,32,33,34,35,36]}"
"250","{""_type"":""histogram"",""values"":[0,0,0,0,252,2329,3,812,66,63,1421,715,72,52,17,5,32,463,12,15,6,22,113,74,2810,389,9,289,19,388,112,61,5,202,30,418],""bins"":[0,1,2,3,4,5,6,7,8,9,10,11,12,13,14,15,16,17,18,19,20,21,22,23,24,25,26,27,28,29,30,31,32,33,34,35,36]}"
"260","{""values"":[0,0,0,0,280,1580,3,1111,90,91,1485,547,80,69,28,5,36,454,14,17,5,20,113,99,2810,599,9,310,25,429,154,55,5,253,31,469],""_type"":""histogram"",""bins"":[0,1,2,3,4,5,6,7,8,9,10,11,12,13,14,15,16,17,18,19,20,21,22,23,24,25,26,27,28,29,30,31,32,33,34,35,36]}"
"270","{""_type"":""histogram"",""values"":[0,0,0,0,301,1003,4,1014,87,121,1525,480,163,98,28,4,36,577,17,19,5,22,137,130,2810,806,11,351,40,410,173,63,5,300,34,502],""bins"":[0,1,2,3,4,5,6,7,8,9,10,11,12,13,14,15,16,17,18,19,20,21,22,23,24,25,26,27,28,29,30,31,32,33,34,35,36]}"
"280","{""_type"":""histogram"",""values"":[0,0,0,0,302,600,4,1296,89,176,1713,425,234,99,28,4,29,685,17,17,8,17,147,134,2810,604,13,359,42,360,216,65,5,247,36,495],""bins"":[0,1,2,3,4,5,6,7,8,9,10,11,12,13,14,15,16,17,18,19,20,21,22,23,24,25,26,27,28,29,30,31,32,33,34,35,36]}"
"290","{""_type"":""histogram"",""values"":[0,0,0,0,317,496,6,474,562,236,1252,710,310,91,46,5,33,571,18,23,8,21,213,207,2810,770,14,199,52,887,267,70,6,226,33,343],""bins"":[0,1,2,3,4,5,6,7,8,9,10,11,12,13,14,15,16,17,18,19,20,21,22,23,24,25,26,27,28,29,30,31,32,33,34,35,36]}"
"300","{""_type"":""histogram"",""values"":[0,0,0,0,333,409,9,201,787,215,972,1077,274,81,58,4,32,288,23,36,6,26,247,448,2810,835,15,151,70,963,253,86,5,212,31,315],""bins"":[0,1,2,3,4,5,6,7,8,9,10,11,12,13,14,15,16,17,18,19,20,21,22,23,24,25,26,27,28,29,30,31,32,33,34,35,36]}"
"310","{""_type"":""histogram"",""values"":[0,0,0,0,343,545,12,149,163,197,981,1398,208,100,77,3,29,244,25,45,6,39,144,665,2810,870,15,132,77,1064,240,98,6,202,27,350],""bins"":[0,1,2,3,4,5,6,7,8,9,10,11,12,13,14,15,16,17,18,19,20,21,22,23,24,25,26,27,28,29,30,31,32,33,34,35,36]}"
"320","{""_type"":""histogram"",""values"":[0,0,0,0,337,567,9,133,69,188,952,1463,201,113,77,2,30,220,26,49,7,43,130,749,2810,868,15,126,82,1084,223,93,5,199,26,363],""bins"":[0,1,2,3,4,5,6,7,8,9,10,11,12,13,14,15,16,17,18,19,20,21,22,23,24,25,26,27,28,29,30,31,32,33,34,35,36]}"
"330","{""_type"":""histogram"",""values"":[0,0,0,0,306,567,16,120,53,185,992,1544,180,124,77,3,29,197,25,51,7,41,60,748,2810,879,14,118,85,1077,235,105,6,206,27,365],""bins"":[0,1,2,3,4,5,6,7,8,9,10,11,12,13,14,15,16,17,18,19,20,21,22,23,24,25,26,27,28,29,30,31,32,33,34,35,36]}"
"340","{""_type"":""histogram"",""values"":[0,0,0,0,285,557,23,120,50,181,994,1555,186,131,83,3,30,189,23,52,7,72,36,717,2810,898,15,120,81,1097,238,102,6,203,30,361],""bins"":[0,1,2,3,4,5,6,7,8,9,10,11,12,13,14,15,16,17,18,19,20,21,22,23,24,25,26,27,28,29,30,31,32,33,34,35,36]}"
"350","{""_type"":""histogram"",""values"":[0,0,0,0,280,577,20,139,50,185,944,1511,196,138,79,2,32,215,26,50,7,106,28,668,2810,908,15,122,83,1130,257,104,6,200,28,345],""bins"":[0,1,2,3,4,5,6,7,8,9,10,11,12,13,14,15,16,17,18,19,20,21,22,23,24,25,26,27,28,29,30,31,32,33,34,35,36]}"
"360","{""_type"":""histogram"",""values"":[0,0,0,0,274,572,20,158,46,181,891,1478,210,145,67,3,39,228,25,45,8,111,33,682,2810,927,15,117,81,1144,274,102,5,200,29,348],""bins"":[0,1,2,3,4,5,6,7,8,9,10,11,12,13,14,15,16,17,18,19,20,21,22,23,24,25,26,27,28,29,30,31,32,33,34,35,36]}"
"380","{""_type"":""histogram"",""values"":[0,0,0,0,240,566,17,209,43,181,804,1427,231,153,62,3,38,266,26,42,8,92,43,666,2810,958,15,116,92,1209,265,110,7,201,32,339],""bins"":[0,1,2,3,4,5,6,7,8,9,10,11,12,13,14,15,16,17,18,19,20,21,22,23,24,25,26,27,28,29,30,31,32,33,34,35,36]}"
"390","{""_type"":""histogram"",""values"":[0,0,0,0,231,570,20,217,43,190,745,1396,240,155,68,4,35,280,31,39,8,88,44,651,2810,971,15,113,92,1225,269,122,8,210,34,348],""bins"":[0,1,2,3,4,5,6,7,8,9,10,11,12,13,14,15,16,17,18,19,20,21,22,23,24,25,26,27,28,29,30,31,32,33,34,35,36]}"
"400","{""_type"":""histogram"",""values"":[0,0,0,0,227,560,18,224,43,190,714,1367,260,157,66,4,36,273,28,40,8,86,45,654,2810,977,18,113,91,1265,279,127,9,213,34,337],""bins"":[0,1,2,3,4,5,6,7,8,9,10,11,12,13,14,15,16,17,18,19,20,21,22,23,24,25,26,27,28,29,30,31,32,33,34,35,36]}"
"410","{""_type"":""histogram"",""values"":[0,0,0,0,217,552,17,233,41,188,691,1353,274,153,64,3,33,294,29,41,9,91,46,640,2810,980,19,119,92,1283,278,129,9,221,36,329],""bins"":[0,1,2,3,4,5,6,7,8,9,10,11,12,13,14,15,16,17,18,19,20,21,22,23,24,25,26,27,28,29,30,31,32,33,34,35,36]}"
"420","{""_type"":""histogram"",""values"":[0,0,0,0,199,545,20,236,41,182,673,1351,296,158,60,3,35,292,32,40,9,96,52,629,2810,975,20,118,93,1296,288,136,8,220,36,326],""bins"":[0,1,2,3,4,5,6,7,8,9,10,11,12,13,14,15,16,17,18,19,20,21,22,23,24,25,26,27,28,29,30,31,32,33,34,35,36]}"
"430","{""_type"":""histogram"",""values"":[0,0,0,0,184,545,16,241,46,182,653,1371,312,164,65,3,38,313,31,40,10,97,51,638,2810,1035,22,118,93,1174,292,141,9,222,39,320],""bins"":[0,1,2,3,4,5,6,7,8,9,10,11,12,13,14,15,16,17,18,19,20,21,22,23,24,25,26,27,28,29,30,31,32,33,34,35,36]}"
"440","{""_type"":""histogram"",""values"":[0,0,0,0,172,579,15,257,44,179,673,1314,355,167,71,2,39,330,33,39,11,104,57,675,2810,1058,23,112,95,1029,296,146,9,225,38,319],""bins"":[0,1,2,3,4,5,6,7,8,9,10,11,12,13,14,15,16,17,18,19,20,21,22,23,24,25,26,27,28,29,30,31,32,33,34,35,36]}"
"450","{""_type"":""histogram"",""values"":[0,0,0,0,165,587,17,255,44,174,695,1125,412,170,80,2,39,335,33,39,12,105,64,715,2810,1076,27,111,96,1017,313,158,11,225,42,322],""bins"":[0,1,2,3,4,5,6,7,8,9,10,11,12,13,14,15,16,17,18,19,20,21,22,23,24,25,26,27,28,29,30,31,32,33,34,35,36]}"
"460","{""_type"":""histogram"",""values"":[0,0,0,0,161,610,24,255,42,177,743,1021,435,185,90,3,38,402,32,42,12,121,71,721,2810,1006,33,114,98,896,351,164,12,237,42,328],""bins"":[0,1,2,3,4,5,6,7,8,9,10,11,12,13,14,15,16,17,18,19,20,21,22,23,24,25,26,27,28,29,30,31,32,33,34,35,36]}"
"470","{""_type"":""histogram"",""values"":[0,0,0,0,168,636,25,235,42,163,767,981,481,192,93,3,38,486,30,40,12,120,76,646,2810,953,36,112,102,867,358,173,11,247,42,331],""bins"":[0,1,2,3,4,5,6,7,8,9,10,11,12,13,14,15,16,17,18,19,20,21,22,23,24,25,26,27,28,29,30,31,32,33,34,35,36]}"
"480","{""_type"":""histogram"",""values"":[0,0,0,0,170,571,26,297,40,163,788,916,511,211,94,3,38,493,31,40,12,114,80,620,2810,847,38,110,100,989,344,195,12,246,45,322],""bins"":[0,1,2,3,4,5,6,7,8,9,10,11,12,13,14,15,16,17,18,19,20,21,22,23,24,25,26,27,28,29,30,31,32,33,34,35,36]}"
"490","{""_type"":""histogram"",""values"":[0,0,0,0,167,541,24,326,42,167,768,839,530,225,92,3,41,520,30,40,12,91,84,620,2810,772,37,108,111,1041,411,216,13,234,47,314],""bins"":[0,1,2,3,4,5,6,7,8,9,10,11,12,13,14,15,16,17,18,19,20,21,22,23,24,25,26,27,28,29,30,31,32,33,34,35,36]}"
"499","{""values"":[0,0,0,0,163,561,27,335,40,177,778,819,583,243,116,3,44,525,30,39,12,76,90,626,2810,694,41,111,116,961,429,227,13,225,45,317],""_type"":""histogram"",""bins"":[0,1,2,3,4,5,6,7,8,9,10,11,12,13,14,15,16,17,18,19,20,21,22,23,24,25,26,27,28,29,30,31,32,33,34,35,36]}"
